DiamondID,DiamondName,DateOfMining,OwnerName,DiamondPrice,DiamondRating,Carat,Cut,Color,Clarity,Symmetry,Depth,Table, Length , Width , Height , Cut_Grade , Polish_Grade , Fluorescence , Girdle , Culet , Length_CW_Ratio , Width_CW_Ratio , Height_CW_Ratio , Ang_Pav_Polish , Ang_Girdle , Ang_Culet ,Authentic
GIA10000,Kohinoor,1526,Ananya Patel,576625,7.57,0.3,3,4,3,3,69.3531893228229,69.9307475719108,5.59760475572973,5.39489907616003,4.61206035224794,Ideal,Excellent,Faint,Thin,Large,1.03757358139755,0.963787068145136,0.85489279542384,0.273461565358174,5.10020792255344,6.47373121140968,1
GIA10001,Hope Diamond,1666,Aditya Sharma,557419,8.14,0.7,4,5,2,2,66.2848072149289,60.9161752280125,9.78385448099598,6.63230661189295,3.6869943793962,Very Good,Very Good,Faint,Thick,Large,1.47518126852756,0.677882794023096,0.55591434400586,9.92444756750542,3.32970130250873,2.347621601511,1
GIA10002,Blue Moon Diamond,2014,Aarav Singh,665386,9.03,0.5,1,6,4,3,52.9993634168863,66.4864341070735,6.24280107606966,5.41276003938992,3.71988824286888,Premium,Good,Medium,Medium,Large,1.15334894409494,0.867040287434191,0.687244255388819,1.07741286410523,8.21845010375591,6.76367619145778,1
GIA10003,Star of Africa,1905,Akshay Desai,456223,9.99,1.5,3,5,3,3,69.8386064588152,52.3828767749661,3.72914587696387,7.20939280964719,3.14302468343467,Fair,Ideal,Faint,Medium,Small,0.51726212947833,1.93325577692788,0.435962468188564,8.855525411676,4.59263103869945,3.08652570250939,1
GIA10004,Regent Diamond,1701,Bhavya Joshi,563894,9.32,0.9,2,7,0.1,1,55.3483717085685,65.5559566727071,6.73067507486516,7.36049233563266,2.56129509761952,Ideal,Ideal,None,Medium,Small,0.914432726501389,1.09357415916859,0.347978773813826,4.13291685298145,6.86185477537921,7.19197916537933,1
GIA10005,Great Star of Africa,1905,Bhavesh Shah,933764,6.86,1.1,3,4,1,3,67.6380046240481,58.6324834949826,4.52444810658469,9.18602839534617,3.68436536434112,Ideal,Good,Faint,Medium,Medium,0.492535828528123,2.03030915129233,0.401083602812255,6.06114334217966,8.94315959270194,9.61662037797889,1
GIA10006,Koh-I-Noor,1998,Chetan Mehta,581115,7.07,0.4,2,5,3,2,64.3703115866284,51.3231246162326,3.37207269866659,3.29590420115153,3.5643868896666,Premium,Fair,None,Medium,Large,1.02311004594382,0.977411964592229,1.08145949400509,0.362921273935411,9.01766676533499,6.26072757486215,1
GIA10007,Cullinan III,1941,Chirag Reddy,501230,6.57,0.8,1,7,2,3,54.9317560072528,56.7341289833212,9.79848389301974,5.50696098040037,1.8950557595239,Very Good,Excellent,Faint,Thick,Small,1.77929059746258,0.562021741376074,0.344120063001813,2.90940443516419,4.2789912786031,4.44027002900143,1
GIA10008,English Dresden,1924,Diya Choudhary,407590,6.63,1,3,8,3,2,67.1800263897549,51.3268407861184,8.48731963758289,3.03412279189306,3.95540043347153,Fair,Very Good,Faint,Medium,Medium,2.79728943741509,0.357488927182334,1.3036388784396,0.978767419319365,8.45581559410909,4.18712706306604,1
GIA10009,The Cullinan or Great Star of Africa,1951,Devika Gupta,210578,8.24,0.9,2,5,4,3,55.3942735779072,64.7263304306295,7.58610395583252,8.68368057262494,4.32554755854912,Premium,Ideal,Faint,Medium,None,0.873604676310584,1.14468251729513,0.498123753214195,7.70638315998392,8.90165943548118,7.80562943457143,1
GIA10010,Hortensia,1844,Dheeraj Verma,479314,7.86,0.4,1,6,1,2,51.5736871188322,51.3873482932494,9.19324234563816,6.12640057040087,1.98338273842248,Good,Ideal,Faint,Thick,Medium,1.50059439306898,0.666402596610282,0.323743561269077,5.92993708560091,2.03611620259687,7.86230320142001,1
GIA10011,Oppenheimer Blue,1944,Ekta Singhania,403527,9.34,0.6,1,6,2,2,66.5431846866336,68.6360300457923,3.50136596955998,6.96156167460462,3.61771309532921,Good,Good,Medium,Thin,Small,0.502956970464366,1.98824165629263,0.519669761531587,9.55930264419113,9.3155026738467,1.16551291491129,1
GIA10012,Lesotho Promise,1871,Esha Jain,399308,6.61,1,2,7,3,1,50.6761167387095,63.2983326659297,3.8553383601263,8.74800200861823,2.97173642887701,Ideal,Excellent,Strong,Medium,None,0.440710731013568,2.26906206186572,0.339704589224987,3.81400539653765,2.70342757958348,0.240666014289825,1
GIA10013,DeBeers Diamond,1982,Falguni Patel,343082,8.86,1.4,3,4,4,2,50.6114945827491,53.4357907368899,5.07193048801797,5.94486972263082,1.81521326800211,Premium,Excellent,None,Thick,None,0.853160914310744,1.17211182934685,0.305341134910322,9.66868976891654,8.41539236874416,1.15990371535559,1
GIA10014,Earth Star Diamond,1894,Gautam Sharma,755204,7.45,0.9,2,5,1,3,59.4803879054187,51.8298048789722,5.07236659559649,3.57476473839217,4.7684725960415,Ideal,Excellent,Faint,Medium,Medium,1.41893717959126,0.704752834997287,1.3339262706799,4.35742819895328,3.78391010907585,4.35221295287155,1
GIA10015,Jagersfontein Diamond,1969,Gauri Krishnan,675803,9.74,1.3,2,4,3,2,62.8219734984453,66.4374950074861,7.180592821213,7.81993834855077,1.66480424659897,Ideal,Excellent,Faint,Thin,Small,0.918241615363085,1.08903798659199,0.212892247022318,6.34519838974182,9.58310440392706,2.62158481601266,1
GIA10016,The Cullinan,1914,Harshita Rana,445361,6.59,0.8,1,5,2,1,63.1437413090896,55.9458461157623,4.30523656498667,9.82518135221842,4.77698615362931,Good,Very Good,Strong,Thick,Small,0.438183928687952,2.28214668437129,0.486198267734846,2.27314632918911,5.62852329507911,9.69922876410859,1
GIA10017,Premier Rose Diamond,1893,Himanshu Kumar,607350,7.69,1.5,2,8,1,1,67.309932626272,63.8893049645242,5.22449903048805,3.28887874777231,4.04672000226876,Good,Excellent,Faint,Thick,Medium,1.58853500878584,0.629510835121176,1.23042541626375,4.12467875646547,6.65429864826456,3.08980420201341,1
GIA10018,Jubilee Diamond,1891,Ishaan Gupta,275037,9.17,0.9,1,4,3,3,52.9094962369837,64.9306795192722,7.4838776759776,8.23980665055568,2.74414789585966,Premium,Very Good,None,Thick,Large,0.908258894093455,1.10100766037431,0.333035471854742,3.79436826065016,1.55172574593882,8.22090935256606,1
GIA10019,Florentine Diamond,1825,Ishika Shah,286377,9.91,0.7,2,7,1,3,53.6028734901117,61.1929786050808,5.15248963894333,5.63683468436898,3.64151999439762,Premium,Fair,Faint,Thick,Medium,0.914074995534507,1.09400213864864,0.646022138008695,3.85444982473405,8.42938517687436,8.87504243364619,1
GIA10020,Lesotho Legend,1810,Jay Patel,134283,9.52,1.3,1,8,3,2,62.643439203326,53.4056249988384,4.14266984251889,4.17707096672725,4.3155367718647,Fair,Excellent,Strong,Medium,None,0.991764295009016,1.00830409506818,1.03314901907111,0.331161102360534,0.551130670795109,6.58496147766864,1
GIA10021,Sergio,2009,Jaya Nair,529106,8.58,0.5,4,8,1,1,68.3495906933906,56.5872609545694,6.37896902766389,7.58154344363358,4.8633666751874,Ideal,Good,Medium,Thin,Large,0.841381319659979,1.18852175183081,0.641474484891502,0.707406325717029,6.60060226501692,3.9434714090605,1
GIA10022,Dresden Green Diamond,1843,Kavya Shah,647413,8.59,1.2,2,4,0.5,2,54.5561850712156,52.9602737922219,5.08264879581185,7.30295851805011,1.93223253139704,Fair,Good,Medium,Thin,None,0.695971198966761,1.43684106682086,0.264582158945762,4.491191389459,9.80272490160616,5.25114063783588,1
GIA10023,Golden Eye Diamond,1874,Kartik Sharma,903203,8.41,0.8,4,7,3,2,61.2983558730899,60.9339367762768,5.08869704965251,7.44192802623599,2.61198920135319,Very Good,Good,None,Medium,Large,0.683787458265206,1.46244273408733,0.350982862524982,4.7491572852025,7.07809298026353,4.08697884818517,1
GIA10024,Portuguese Diamond,1826,Kritika Singh,251809,9.44,1,2,8,0.1,3,55.4269257489076,68.4250738186885,9.64008776750356,4.02090989786042,2.25561211197545,Fair,Fair,Faint,Thick,Small,2.39748912867537,0.417103038357678,0.560970568670464,9.58733001952598,4.84432017107038,8.69337458351741,1
GIA10025,Orlov,1943,Lata Menon,927874,8.29,1.4,2,5,1,2,67.3753435830196,57.8748846755483,9.58643355071389,8.85789470359282,1.30953903760329,Good,Very Good,Medium,Thick,None,1.0822474043212,0.924003140138929,0.147838632251084,8.33614432510738,1.26146638228158,4.7084038380993,1
GIA10026, The Cullinan II,1949,Lokesh Kumar,340143,9.62,0.5,1,6,0.5,3,68.3598253281698,59.3027682235031,8.34026478963593,4.71672839399407,2.28238130552558,Fair,Good,Faint,Thin,Medium,1.76823087805009,0.56553700787238,0.483890763867556,4.54600407562698,9.61831942575321,3.56071932867258,1
GIA10027,Chloe Diamond,1830,Lavanya Kapoor,290586,7.02,1.5,2,8,3,2,67.8241905928924,57.505381880523,9.75307722985272,6.90775134008701,2.21943312762716,Very Good,Ideal,Faint,Medium,None,1.41190334592007,0.708263779450388,0.321296036634579,2.68708189279498,4.07922480219633,3.25040164343743,1
GIA10028,Centenary Diamond,1805,Mohit Malhotra,793101,8.33,0.9,1,4,2,3,51.4347415622294,57.9522846760303,7.36331687432578,8.30546098905183,1.09533688745357,Premium,Excellent,None,Thick,Large,0.886563296610751,1.12795104852965,0.131881528177356,3.59293177211033,7.81816175187721,2.83942697392312,1
GIA10029,Pigot Diamond,1835,Muskaan Khanna,965787,9.14,0.7,2,7,4,2,60.6832481760003,59.3396749828014,4.91430309474453,9.54828237123293,2.5751086456747,Good,Good,Medium,Thick,Large,0.51467927986193,1.94295756430735,0.269693390450307,3.55984943345103,1.76971126324479,6.60856868661268,1
GIA10030,Allnatt Diamond,1942,Naina Mehra,383304,6.95,1.3,1,8,1,1,51.0791994279479,63.1542744094356,6.37994307096336,9.79151330153012,3.84523160293272,Ideal,Fair,None,Medium,Large,0.651578859619827,1.53473364771758,0.392710655086566,5.89039334420541,8.59291831699801,1.6830069929666,1
GIA10031,The Rock,1921,Naveen Iyer,811448,8.69,0.5,4,8,0.1,1,54.5036547111789,52.1821835131393,6.43334527906736,9.69824796532703,2.92744404110374,Good,Excellent,Faint,Medium,Medium,0.663351287992193,1.50749688453422,0.301852876062756,9.82999291873418,9.0898567700261,4.49982007569287,1
GIA10032,Williamson pink diamond,1912,Niharika Sharma,795829,7.61,1.2,2,4,3,2,56.9483277926808,66.509140532554,3.49313600199227,4.78059917470599,2.57789269555495,Good,Excellent,None,Thin,None,0.730689998122903,1.36856943788602,0.539240501315087,7.12200379118509,5.15213454934292,7.6660485154808,1
GIA10033,Fortuna Diamond,1926,Nikhil Reddy,939453,9.81,0.8,4,7,1,2,68.3016378317385,57.7718868283235,5.33394386381689,5.0641908559887,3.37437736712778,Ideal,Ideal,Strong,Medium,Small,1.05326675386043,0.949427100337879,0.666321128702602,1.35041529585812,0.977462204091512,1.03096054718565,1
GIA10034,Graff Pink,1890,Nisha Agarwal,181461,6.86,1,2,8,4,3,56.7187261804515,67.2328631097826,7.81404684472209,9.01615215172739,4.86648039796835,Premium,Very Good,Faint,Thin,Medium,0.866672025185933,1.15383901976697,0.539751361342764,4.98540068578511,0.0150673300260661,0.134192086319642,1
GIA10035,Lesotho Brown,1811,Omkar Jain,430633,7.28,1.4,2,5,3,2,50.5635452760785,51.1207012034331,3.4644901850258,3.33761960481193,4.37150581757155,Very Good,Fair,Faint,Thick,Large,1.0380122947597,0.963379725893805,1.30976753949702,0.194191969497073,6.4979581282822,4.02339625020549,1
GIA10036,Amsterdam Diamond,1976,Pranav Gupta,645587,8.5,0.5,1,6,4,3,54.9063697814476,67.2525662187454,4.21847496867051,4.92534365563566,1.10976876982331,Very Good,Fair,Strong,Thin,None,0.856483377326099,1.16756498313131,0.225318038174554,3.68613145241129,4.51999561206784,8.66369176196828,1
GIA10037,Esperanza Diamond,1990,Pooja Kapoor,372711,7.59,1.5,2,8,0.1,3,59.4673064084978,68.7810867190705,8.88048855498095,8.75563922169844,4.94726001615135,Ideal,Ideal,None,Medium,None,1.0142593053598,0.985941163877466,0.565036988263624,4.53129538835311,1.4310380081638,8.82904092563998,1
GIA10038,Incomparable Diamond,1967,Prachi Khanna,921601,7.43,0.9,1,4,4,2,60.6918555261174,67.5410732685166,8.94751810389953,5.51032351691656,4.28703863466839,Very Good,Fair,Strong,Thick,Large,1.62377364530972,0.615849384480712,0.778001259183291,5.7001079942399,5.68472714948133,3.29712864235887,1
GIA10039,Aurora Butterfly of Peace,1927,Rahul Singh,578599,7.56,0.7,2,7,0.5,2,68.4015381470234,65.3947697565428,4.0014831739496,9.72343856185795,3.754939900199,Premium,Ideal,Strong,Medium,Small,0.411529640311215,2.4299586276307,0.386174075797472,6.77301738604337,1.30866734407465,8.95478348465005,1
GIA10040,Koh-i-Noor Mountain of Light,1964,Radhika Shah,111145,6.72,1.3,1,8,3,2,50.6429802035519,59.7472848891902,7.91842093148424,9.87197931105007,4.02437179636567,Fair,Fair,Strong,Thin,Medium,0.8021107704937,1.246710600064,0.407656020091234,9.93581935763564,8.08732589058419,2.51498250820924,1
GIA10041,Heart of Eternity Diamond,1899,Rohit Patel,323607,8.57,0.5,4,8,3,1,65.336141915629,69.2842216151738,6.61366461739339,8.8794175683061,3.53545547769029,Fair,Excellent,Strong,Medium,Large,0.744830904337689,1.34258661150641,0.398162993292446,2.22933241000724,2.35599729771332,1.44527922823585,1
GIA10042,Fortune Pink,1973,Riya Sharma,208036,7.58,1.2,2,4,0.1,2,57.8388798345644,68.8591431924153,7.62471650124763,8.87574394338754,3.14682291829628,Fair,Ideal,Strong,Medium,Medium,0.859050976445537,1.16407527308526,0.35454187709422,9.55540845458211,0.972380021044453,7.69722174685141,1
GIA10043,The Regent,1843,Sachin Desai,486062,9.85,0.8,4,7,4,2,55.3173116501603,52.9450751991918,7.96790695348634,5.31860251954367,3.9130224409144,Good,Very Good,Medium,Medium,Large,1.49812040366009,0.667503090911036,0.735723797094379,5.2298557762871,8.75724876614802,0.474898382197142,1
GIA10044,Star of Sierra Leone,1982,Sanjay Choudhary,119519,8.26,1,2,8,0.5,3,57.353587796492,58.6916341201949,8.23910850316961,4.65656603281886,1.38503994110267,Premium,Very Good,Faint,Thin,Large,1.76935287615411,0.565178384412278,0.29743805442489,3.92606580979209,1.11496672513932,6.78195130167364,1
GIA10045,Cullinan II,2014,Samir Shah,124319,6.65,1.4,2,5,1,2,68.4456041966219,57.7275349827076,9.02771470193349,7.1900700982668,4.90563385093738,Fair,Very Good,Strong,Thick,Medium,1.25558090234887,0.796444098607467,0.682279001997477,1.73396476871941,6.82366095068086,6.24924913985001,1
GIA10046,The Orloff,1974,Shivangi Gupta,580857,7.87,0.5,1,6,0.5,3,62.0897009381552,53.1855973986732,4.50088395822201,6.16635837863248,3.61739096977233,Ideal,Excellent,Medium,Thick,None,0.729909564422717,1.37003273931736,0.586633268398286,2.8392931103262,5.82695101394946,0.139345747561712,1
GIA10047,Black Orlov,1889,Shubham Patel,367691,9.26,1.5,2,8,3,2,56.5836349840465,59.3447970667125,4.47282478766762,5.30272688490425,4.49934264876401,Fair,Very Good,Medium,Thick,Medium,0.843495221373897,1.1855431716272,0.848496018449055,5.60574085178252,0.862274058715687,3.30202663794078,1
GIA10048, The Idols Eye,1866,Shruti Jain,813593,7.09,0.9,1,4,2,3,62.1186425408814,53.5630610986417,7.68959738768683,8.05787887165684,2.03909695288991,Very Good,Excellent,Faint,Medium,Large,0.954295480257786,1.04789346768138,0.253056292526602,4.50609021331895,7.4216213609679,1.50045226196969,1
GIA10049,The Centenary Diamond,1846,Siddharth Sharma,216273,7.01,0.7,2,7,4,2,55.4812348901815,54.2569954502574,7.01461050442851,5.18369538332033,3.59560241785373,Very Good,Ideal,None,Thin,Large,1.35320654199695,0.738985490362968,0.693636904171369,5.26045464255344,4.52545245460013,2.94280619452884,1
GIA10050, Amarillo Starlight,1947,Tanvi Reddy,324261,7.17,1.3,1,8,1,1,54.8891864194895,67.115059040589,6.73874679032793,7.65690864064981,1.13732292456132,Ideal,Good,Strong,Thick,Small,0.880087135237915,1.13625112782686,0.148535522354724,4.07291961085215,1.14227551918938,7.66191401875788,1
GIA10051,  Archduke Joseph,1988,Tarun Khurana,741861,9.28,0.5,4,8,0.1,1,63.8774541621226,58.6753050184562,5.84924705270677,4.59593499960425,1.95677675025757,Very Good,Fair,Medium,Thick,Small,1.27270012591789,0.785731045071426,0.425762494557922,2.703428352857,1.73373912588258,8.90182531500424,1
GIA10052,Briolette of India,1841,Uday Patel,125179,9.48,1.2,2,4,3,2,59.2940401672008,58.7251618873264,6.6242599758377,8.76432041330793,3.09313801099301,Fair,Excellent,Strong,Medium,Small,0.755821291720381,1.32306407738769,0.3529238851533,6.05132809388207,3.25754552394699,8.66631573263469,1
GIA10053,Gruosi Diamond,1881,Utkarsh Singh,403925,9.77,0.8,4,7,1,2,58.8448122694799,50.8978053824907,3.5951996775708,4.28725505225128,2.85040431787953,Ideal,Ideal,Strong,Thick,None,0.838578445591411,1.19249428035888,0.664855317246114,7.1331786653035,9.58117881547995,5.44396674725526,1
GIA10054,Star of the South,1934,Vaibhav Shah,764397,9.69,1,2,8,4,3,68.3514029206097,50.8055922748807,9.32340113956132,5.2046681563544,4.67803993858471,Fair,Very Good,Faint,Thin,Small,1.79135361938077,0.558237072335095,0.898816177717935,5.02607309828031,9.93936760255625,2.3255969753714,1
GIA10055,The Jane Seymour,1942,Vanshika Kapoor,236580,9.72,1.4,2,5,3,2,69.7389800803417,66.8558780725213,5.03197812301349,6.00245703297907,1.29911261447064,Fair,Good,Strong,Thin,Large,0.838319723967448,1.19286230707704,0.216430139746602,7.48225292758845,8.70977128568569,4.8039064069847,1
GIA10056,Moussaieff Red Diamond,1804,Varun Sharma,681272,6.72,0.5,1,6,4,3,54.6363648719405,64.316437651357,7.22182701264373,6.07426193573967,4.20893364719015,Fair,Ideal,None,Thin,Small,1.18892255372657,0.841097678621359,0.692912767298638,9.30099410450316,8.4295476441996,8.22114871771008,1
GIA10057,Great Chrysanthemum Diamond,1998,Vinita Jain,183163,8,1.5,2,8,0.1,3,54.3987135466146,56.3400289643482,3.90013036643571,7.83024162300226,4.02461435672179,Ideal,Ideal,Medium,Thin,None,0.49808557056255,2.00768715076522,0.513983418455314,4.91462264692274,4.49726378933584,9.00389018938528,1
GIA10058,The Tiffany,2009,Vishal Patel,559194,8.06,0.9,1,4,4,2,59.9107002824478,53.2790619595365,8.12312698600563,6.31933862092472,4.00476433179581,Very Good,Ideal,Strong,Thick,Small,1.28543942226931,0.777944088749512,0.633731561485747,2.21598914317245,9.04916087689792,6.2512436343018,1
GIA10059,Noor-ol-Ain Diamond,1849,Yash Gupta,760749,8.16,0.7,2,7,0.5,2,61.4775113602908,56.816246549222,6.39769410970174,9.1666571376411,3.69454831620565,Ideal,Excellent,Strong,Thick,None,0.697930992033164,1.43280641125689,0.403042053469493,4.61881450121685,3.85886895283642,6.66741155661893,1
GIA10060,Golden Jubilee Diamond,1984,Yashika Singh,709027,7.39,1.3,1,8,3,2,62.4429098254712,68.7205140375743,6.23390014239429,3.15000685488099,2.70359268915003,Good,Good,None,Medium,Medium,1.97901161158895,0.505302745140082,0.858281525629309,0.448500681858476,1.92156195568435,5.71792533795257,1
GIA10061,The Great Chrysanthemum,1986,Aadi Joshi,365199,6.97,0.5,4,8,3,1,50.3143005121942,60.7264049921395,9.35910157614673,8.39101897910738,3.31472410487599,Ideal,Fair,None,Medium,Medium,1.11537127963239,0.896562443610328,0.395032368908859,6.66108893945672,6.79543121165223,9.21247732638438,1
GIA10062,Strawn-Wagner Diamond,1815,Aaradhya Patel,429961,6.53,1.2,2,4,0.1,2,65.6485353063944,64.9246926229882,6.65528727535704,4.43952666731188,2.57392154019666,Good,Very Good,Strong,Thin,Medium,1.49909838910525,0.667067623624662,0.57977386624308,8.17073388671379,8.13989886902761,2.79091432652677,1
GIA10063,DeYoung Red Diamond,1900,Aarav Kumar,227478,9.84,0.8,4,7,4,2,65.5469993891693,52.0104986357321,8.29069915865864,8.61298242849461,1.92209420049058,Premium,Fair,Strong,Thin,Large,0.962581687294548,1.0388728699074,0.223162443026896,1.28492939180923,6.42907616544884,8.33584406096647,1
GIA10064,Martian Pink,1823,Aditi Sharma,133796,9.3,1,2,8,0.5,3,54.3380807986874,57.5819029198379,5.43332364960517,3.03797357557686,1.35062617921623,Ideal,Fair,Medium,Thin,Large,1.78846968692723,0.559137237443536,0.444581279466782,2.86991226401575,6.21784055048465,2.56127821785297,1
GIA10065,Pink Star,1922,Arjun Gupta,866271,7.01,1.4,2,5,1,2,65.9165550053307,57.4744659760152,7.42863101513979,3.88582227245827,1.83894930341396,Very Good,Good,Medium,Thick,Small,1.91172691242007,0.523087263930438,0.47324586007136,7.36163360016813,7.11049954813191,5.30205427686578,1
GIA10066,Daria-i-Noor,1929,Arya Reddy,475669,6.71,0.5,1,6,0.5,3,55.2995064638159,50.8927914995632,7.53989753539725,8.06062490329864,3.44880737634491,Premium,Very Good,Medium,Medium,Large,0.935398635447198,1.06906292366132,0.427858561553157,4.00075130692159,2.38742198076552,5.14479161236415,1
GIA10067,Oppenheimer Diamond,1868,Bhavna Shah,455072,8.48,1.5,2,8,3,2,67.7555930320102,67.5539138562125,9.40608715543261,5.86643257522929,4.0983483301565,Good,Very Good,Medium,Thin,Medium,1.60337428834507,0.62368469250692,0.698609977631307,2.41858896550197,8.40604131024388,7.84681770943429,1
GIA10068,Cora Sun-Drop Diamond,1821,Chirag Patel,145737,7.3,0.9,1,4,2,3,52.2382710840823,51.0829215033341,5.43727868610976,8.8739194875205,4.29371175986618,Good,Excellent,Strong,Medium,Medium,0.612725717621877,1.63205161990134,0.483857416771076,7.47382063247797,9.15646230441692,9.83932139799234,1
GIA10069,Williamson Pink Star,1980,Devika Singh,180944,6.58,0.7,2,7,4,2,54.3413724662108,53.1233216499621,7.05055442576616,3.12107689469385,3.18991861924132,Good,Excellent,Medium,Thick,Medium,2.25901336739021,0.442671129987724,1.02205704212687,6.05689830175333,4.54926132072748,6.87043641831521,1
GIA10070,Princie Diamond,1887,Divya Sharma,214645,9.58,1.3,1,8,1,1,66.6620760241227,68.4240858288362,9.79576697923988,6.03257962247995,2.91744510857063,Ideal,Fair,Faint,Thin,Large,1.62381064026684,0.615835353705816,0.483614853204588,4.218731736209,7.07914403711565,4.23953149997271,1
GIA10071,Spirit of de Grisogono Diamond,1811,Diya Menon,491915,9.4,0.5,4,8,0.1,1,58.6748806910448,60.9055951901896,7.45943549554225,5.27274102369409,1.89085937266319,Premium,Very Good,Strong,Medium,Large,1.4147168355172,0.706855234132002,0.358610325097752,2.10141414716088,5.56354857220644,8.40489685156519,1
GIA10072,Cullinan Diamond,1803,Eesha Patel,695353,9.51,1.2,2,4,3,2,64.5167786341756,52.2771264252625,5.78045044722399,7.53814908567028,4.29083310060604,Good,Excellent,None,Medium,None,0.766826230355724,1.30407641316091,0.569215738749813,5.79836619578603,4.47495378164504,5.4165128884922,1
GIA10073,Tereshchenko diamond,1936,Gaurav Sharma,173720,9.25,0.5,4,8,0.1,1,61.8931278314697,58.7570853050086,8.47033866553699,8.54164439971749,2.04693864553956,Very Good,Ideal,Strong,Thick,Small,0.991651989846023,1.00841828609174,0.239642222240867,1.4604367838885,6.87454449518524,2.0299357451109,1
GIA10074,Winston Pink Legacy,1933,Geetika Kapoor,756740,8.3,1.2,2,4,3,2,58.2348639484099,53.4809665871838,9.38495142235871,4.57561031380419,1.17719975748781,Good,Ideal,Medium,Thin,Small,2.05108188388446,0.487547575675592,0.257277101141308,8.00773876727038,8.81226900831459,1.38368476307561,1
GIA10075,Blue Moon of Josephine,2013,Hardik Singh,557789,7.75,0.7,2,7,4,2,65.4555220919372,65.6078132630643,3.42755574435294,4.91407229059955,2.9801749582038,Fair,Good,Faint,Thin,Small,0.697498030484765,1.43369580456735,0.606457288775497,0.9734655899291,6.55017280590936,9.96666109176786,1
GIA10076,Ashberg Diamond,1905,Isha Mehra,437708,9.12,1.3,1,8,1,1,68.1801818270588,64.8686644357296,3.89155988893946,9.80093878395827,1.61320194998761,Very Good,Very Good,Strong,Thick,Large,0.397059911782021,2.51851161582129,0.164596676455936,5.14430011990793,5.9765841211578,8.17093757926428,1
GIA10077,Eagle Diamond,1928,Jai Khanna,704223,7.9,1.5,2,8,3,2,65.0777791020949,62.577983626666,4.28971381999236,3.51261018498415,1.54185669827078,Very Good,Very Good,Medium,Thin,Medium,1.22123252911188,0.818844876927105,0.438948991511206,3.31182665128538,9.55765645023434,5.5299367988767,1
GIA10078,Great Mogul Diamond,1898,Jhanvi Gupta,130697,6.95,0.9,1,4,2,3,64.5118044984802,58.6665657405369,3.23927593756864,6.74727291396989,2.87009736840657,Good,Very Good,None,Thick,Medium,0.480086692634276,2.08295713116502,0.425371465627865,4.27421156381225,7.32158050846603,8.03345235622434,1
GIA10079,The Blue Hope,1855,Karan Sharma,686928,8.39,0.8,4,7,4,2,51.9220311944322,64.9940864046622,9.13699330095025,4.31159320942942,3.64769686186024,Premium,Excellent,None,Medium,None,2.11916868246468,0.471883153179177,0.846020643571557,5.38710946110676,7.54913278232605,4.86337662527584,1
GIA10080,Sancy,2012,Kirti Patel,125227,8.19,1,2,8,0.5,3,52.1785391913456,64.3203098498698,5.61842669803516,8.46232302279324,2.12143055020048,Premium,Excellent,Medium,Thin,None,0.663934321923418,1.50617307613048,0.250691275254609,8.58200341932089,5.61620013618583,2.2339476849981,1
GIA10081,Nizam Diamond,1845,Lavanya Singh,158898,8.19,0.5,4,8,3,1,63.2866226016418,58.0799793011481,3.24668223063984,8.69735188337465,2.55086419257429,Good,Excellent,Strong,Thin,Medium,0.373295489727857,2.67884297431245,0.293292053349062,7.1108018331144,8.92281808560386,2.92675726324739,1
GIA10082,French Blue,1938,Madhav Menon,809821,9.25,1.2,2,4,0.1,2,53.6117799667311,66.9693780953931,8.61513689345945,5.1177064626426,2.41956404049375,Very Good,Good,None,Thick,Large,1.68339801361153,0.594036580721999,0.472782887833777,9.20004465744081,8.49800954709887,5.25853026891101,1
GIA10083,Taylor-Burton Diamond,1900,Mira Shah,254707,6.53,0.7,2,7,0.5,2,65.4163989416708,51.0240108880831,3.91303120898832,7.39813996671775,3.49650093824333,Very Good,Excellent,Faint,Medium,None,0.528920948588699,1.89064169734298,0.47261892232009,1.46216187634882,4.81714285428641,1.63347531726788,1
GIA10084,Cullinan I,1883,Mukesh Kumar,503396,8.78,1.3,1,8,3,2,55.1661956155414,63.3477593801689,8.12756348203273,8.75421279031445,2.81231499495801,Ideal,Ideal,Faint,Thick,None,0.928417400480025,1.07710174268918,0.321252757080513,3.01197303349746,1.22920410649155,6.97211630820897,1
GIA10085,Tiffany Yellow Diamond,1964,Natasha Sharma,347705,8.45,1.5,2,8,0.1,3,55.3241908387339,60.4450072889685,3.53588297180265,8.51848560038782,4.3615620857497,Good,Good,Strong,Thick,Small,0.415083518089374,2.4091537158666,0.51201144080717,9.9123043134384,5.10113116202744,3.63135810405677,1
GIA10086,Matryoshka,1850,Nihar Mehta,514387,8.95,0.9,1,4,4,2,69.4767722904431,68.4336789761887,5.31101940431804,9.53322988600746,1.5522339245093,Fair,Ideal,Medium,Thick,None,0.55710598273869,1.79499059601563,0.162823507150249,4.38708610974017,2.63446262475643,5.70759644796235,1
GIA10087,Graff Lesedi La Rona,1887,Nisha Reddy,621261,8.52,1.4,2,5,3,2,66.2085152580876,58.8746659852069,4.80003760557736,4.42183343136129,4.87532705181377,Ideal,Excellent,Strong,Medium,Large,1.08553107666465,0.921208080999902,1.10255782527585,1.46025788917185,5.99300305070771,8.14799174206803,1
GIA10088,Deepdene,1805,Om Patel,297847,8.23,0.5,1,6,4,3,52.3499693868976,59.1744302357753,3.50626423163657,7.73886917025715,3.68763764310135,Premium,Fair,Strong,Thin,Medium,0.453071909409222,2.20715515403269,0.47650859085124,9.77611043567386,1.05068470158701,8.75318549309927,1
GIA10089,Hortensia Diamond,1927,Pankaj Gupta,902289,8.49,0.8,4,7,1,2,61.2754092810788,60.967596403081,5.66542351142235,5.162495761307,1.04237806016262,Fair,Good,Strong,Medium,None,1.09741949889524,0.911228569390908,0.20191359147939,3.51864460044592,1.44771001434096,2.68201789899541,1
GIA10090,Millennium Star,1950,Prachi Shah,230314,8.46,1,2,8,4,3,62.9360761862961,65.1729543050187,4.26071934863432,5.93373372514789,2.89883426113173,Ideal,Very Good,Medium,Thick,Large,0.718050311320319,1.39266007441908,0.488534604922718,0.000175665319450679,1.95813545943092,3.25178359406245,1
GIA10091,Moon of Baroda,1953,Pranav Singh,254243,7.58,0.5,4,8,0.1,1,58.8159504345033,61.25861265998,4.93312081815205,4.66603178029934,3.34831291422838,Premium,Very Good,None,Medium,Medium,1.05724115274576,0.945857997868223,0.717593250943004,2.58422583936122,2.93795827555866,7.99551701544325,1
GIA10092,Sierra Leone diamond,2005,Priya Kapoor,449820,7.05,1.2,2,4,3,2,58.4696144572302,61.0002146949,3.13019583078388,8.0186736038562,1.70207851796315,Good,Excellent,Strong,Thick,Large,0.390363292662088,2.56171627506388,0.212264347203834,3.12531444671181,4.08361912114904,7.53082535641962,1
GIA10093,Shah Diamond,1872,Rahul Desai,467715,7.98,0.7,2,7,4,2,53.7391044676383,54.7844554830682,7.63007738749762,7.11303819838571,3.6377464542036,Good,Very Good,Strong,Thin,Large,1.07268893751045,0.932236704445605,0.51141950215158,3.37274607584795,6.9761764073649,7.27374132954839,1
GIA10094,Star of South Africa,1995,Rajesh Sharma,267349,8.74,1.3,1,8,1,1,67.7777539971802,57.3853922772871,9.28391740098407,7.46721745916909,2.23961720312091,Premium,Excellent,None,Medium,None,1.24329008117799,0.804317524235791,0.299926607918838,6.20849723432197,4.51863006913322,9.44288510685633,1
GIA10095,Cross of Asia,1819,Riya Menon,983637,9.84,1.5,2,8,3,2,59.3802611445495,53.4626752543579,8.21523444694194,9.93275326275096,3.26253722019685,Very Good,Ideal,Strong,Thick,Large,0.827085323638318,1.20906510056427,0.32846252533341,2.35892278328632,0.953077410284871,5.58357451154397,1
GIA10096,Beau Sancy,1843,Rohan Patel,390702,6.87,0.9,1,4,2,3,67.3527121571575,65.3869131160086,9.86184363091498,4.47948636112201,4.72215385548356,Good,Ideal,Faint,Thin,Medium,2.20155679376704,0.454224030391202,1.05417306244476,8.44432705894585,5.44049019014845,1.82687481774947,1
GIA10097,Pumpkin Diamond,1932,Ruchi Jain,328758,8.83,1.4,2,5,1,2,69.4481994209125,52.3699901341497,7.72908664005159,5.23889871015357,2.97439550796354,Good,Good,Medium,Thin,Small,1.47532660348476,0.677816015543928,0.567752054873445,4.42356844778328,5.40111008222819,7.01685227080544,1
GIA10098,Symbolic Yellow Diamond,1912,Sahil Khanna,566910,7.88,0.5,1,6,0.5,3,50.1115807275959,67.0073341696537,4.78396973286149,4.15410087061721,3.90889555704906,Very Good,Very Good,Medium,Thick,Large,1.15162579866547,0.868337615533464,0.940972710772977,7.25022788550078,1.76455634635424,3.60729487835336,1
GIA10099,Star of the East,1940,Sameer Shah,907383,8.52,0.8,4,7,4,2,59.0256285797074,51.5476061843365,7.11054878084902,8.59569975745071,3.66370380579892,Very Good,Fair,Medium,Medium,None,0.827221631919568,1.20886587271599,0.426225195060267,3.39138777093234,5.76178188581352,8.21941751350621,1
GIA10100,Ocean Dream Diamond,1937,Samarth Gupta,238576,8.13,1,2,8,0.5,3,68.4691405790734,62.0866756233738,7.44168431750531,7.56093296220171,2.69343548942117,Fair,Fair,Medium,Thin,Medium,0.984228316096367,1.01602441592636,0.356230574042393,7.31945587752725,6.38072108313161,1.94738725144956,1
GIA10101,Jones Diamond,1946,Sanjana Patel,419784,9.63,0.5,4,8,3,1,54.3307003197169,57.6455720944636,8.4818632155704,5.60178107360941,1.47855084320679,Very Good,Excellent,Faint,Thick,Large,1.51413686185084,0.660442279159378,0.263942989520316,1.46028486515726,7.54824638923354,3.13738359359547,1
GIA10102,Golden Dawn,1940,Sanya Sharma,775375,9.28,1.2,2,4,0.1,2,50.079782889157,66.3065595910341,3.83286292680908,3.40165798908223,2.14497022184153,Ideal,Ideal,Strong,Medium,Large,1.12676316640615,0.887497949715139,0.630566102978581,3.98614565443751,1.93781086543946,0.997033405698913,1
GIA10103,Empress EugÃ©nie,1887,Shalini Gupta,496518,9.82,0.7,2,7,0.5,2,69.3780147343316,51.721672962213,9.64404348173495,6.20833972869083,3.40389523753666,Good,Good,None,Thin,Medium,1.55340137672662,0.643748624780563,0.548277862728116,9.30769634786045,0.0933733481155341,2.40289264952504,1
GIA10104,Kazanjian Red Diamond,2011,Shubham Singh,294450,6.71,1.3,1,8,3,2,55.1322422722288,59.6021752639413,4.08566481319324,7.34938500160677,3.09046025129654,Good,Very Good,None,Thin,Small,0.555919279273029,1.79882230619468,0.420505967590606,9.26784255374482,7.13118029223089,5.13977626469487,1
GIA10105,Koi Diamond,1812,Sneha Patel,228593,8.42,1.5,2,8,0.1,3,61.3864461354853,60.8965146064153,9.1547822572352,4.30503051679265,4.46940552707301,Premium,Ideal,None,Medium,Large,2.12653132690351,0.470249362117849,1.03818207783642,4.31025195401989,2.18345533302293,2.5228281787867,1
GIA10106, The Sancy,1984,Sonakshi Khanna,770872,9.68,0.9,1,4,4,2,69.3172294709808,63.1039967603666,7.99463021082876,7.22171180665323,4.83784313453887,Premium,Good,Strong,Medium,Medium,1.10702703526101,0.903320305781172,0.669902547216277,8.6856169624216,5.35862335909063,5.7189981728534,1
GIA10107,Excelsior Diamond,1867,Sooraj Kumar,401169,7.62,1.4,2,5,3,2,53.1988913011055,50.0196397929505,9.51287883654148,8.77686566882903,1.4120378348303,Good,Fair,Faint,Thick,Medium,1.0838583151986,0.922629817917449,0.160881787201682,7.81854755726844,8.59319022003151,9.90224672878923,1
GIA10108,The Taylor-Burton,1892,Suhani Sharma,619588,6.77,0.5,1,6,4,3,59.4873068484863,65.3085055611904,3.59471293233224,9.62331514175585,3.2010338295023,Premium,Very Good,None,Thick,Medium,0.373542056908713,2.67707472694134,0.332633170830385,3.08731843245419,8.85888741705635,6.88832596394086,1
GIA10109,Uncle Sam,1917,Tanisha Patel,459422,8.5,0.8,4,7,1,2,64.8786798810741,66.5418170170785,7.35491588458003,5.08917856775896,4.37037740740442,Fair,Good,None,Thick,Large,1.44520688096404,0.691942456939405,0.858758903665063,9.27891907818954,1.4978224870903,7.29286438293485,1
GIA10110,Paragon,1882,Utkarsh Shah,172679,8.47,1,2,8,4,3,60.3307226224127,57.7723665943659,6.71687573883147,3.98949853637555,1.67571804964815,Ideal,Good,Faint,Thin,Small,1.68363910340815,0.593951517267401,0.420032250762657,9.11345865089682,5.85746470038374,5.50262397426933,1
GIA10111,Wittelsbach-Graff Diamond,1901,Vaishali Jain,520774,9.15,0.5,4,8,0.1,1,53.38785822665,56.5642532859935,3.33002823768374,5.90998714905206,2.53823301347996,Ideal,Good,None,Thin,Large,0.563457779805472,1.77475586608324,0.429481985233602,9.36970115597976,7.8876956301071,7.22720060907762,1
GIA10112,Lulo Rose,1947,Varun Gupta,914662,6.51,1.2,2,4,3,2,59.5629007397769,53.1526176166884,9.5073878315619,8.94533573332212,1.02040906628065,Ideal,Ideal,None,Thick,Medium,1.06283186176524,0.94088259486229,0.1140716342797,1.98141784310958,2.43999097235628,4.27155020055909,1
GIA10113,Nassak Diamond,1991,Vidhi Sharma,230140,9.35,1.5,2,8,3,2,60.6958037290086,59.7142412367067,4.99877471472882,5.21013093319465,2.74065740570695,Good,Very Good,None,Thin,None,0.959433607105871,1.04228160509875,0.526024670175896,6.278938847408,7.08484060631469,0.836434661974162,1
GIA10114,The Enigma,1840,Vinayak Patel,444519,8.49,0.9,1,4,2,3,61.8053232081325,58.9840070985375,8.8390135288507,5.90803097090231,3.15717097183578,Ideal,Fair,None,Thick,Small,1.49610142065669,0.668403883716026,0.534386327252715,6.50179904168452,4.4116121229144,6.75140804551744,1
GIA10115,Vargas diamond,1973,Vishaka Khurana,721324,9.55,1.4,2,5,1,2,55.7326836186565,63.6012960012235,5.78826578417886,4.12355301752482,1.95419836792513,Fair,Excellent,Faint,Medium,Large,1.40370834558913,0.712398699589051,0.473911299216941,2.53446849827999,2.63380082562327,8.68348134535232,1
GIA10116,Eureka Diamond,1938,Yashvi Shah,174201,8.76,0.5,1,6,0.5,3,56.6452579097189,54.9380239835566,6.78259770693479,9.29491020042234,3.96907614897269,Premium,Excellent,Strong,Medium,None,0.729710945096232,1.37040564722257,0.427016083360585,7.69804244055003,9.03785673624654,3.47656798740346,1
GIA10117,Jacob Diamond,1920,Aaradhya Sharma,501280,7.87,0.8,4,7,4,2,52.170079629569,65.2425749119098,7.30526860764297,5.26345208914303,4.4844296192504,Ideal,Good,Strong,Thin,Medium,1.387923454782,0.720500829173655,0.851994003802272,2.99088530677976,6.72205306830237,3.82621188033319,1
GIA10118,Sparkluxe,1965,Aaryan Patel,18823,9.71,1.2,2,7,0.1,1,55.5252053493939,69.3799430358077,6.75909448434219,4.36333034904194,3.22539962688754,Fair,Good,Faint,Thin,None,1.5490677862212,0.645549542050319,0.739205920449213,6.51633693209127,3.21609495933234,7.84748011473496,0
GIA10119,Diamontique,1946,Aditi Gupta,18818,8.43,1,3,8,1,2,69.4630765684414,53.8136586103518,6.60079127117306,6.84153537535759,1.8840204983106,Fair,Ideal,Faint,Thin,Small,0.964811392329905,1.03647200680862,0.275379778798868,8.63326766981126,4.11191118995577,2.79131670952379,0
GIA10120,Brilliancea,1937,Aniket Singh,18806,7.61,0.8,4,4,0.5,1,56.1796225868502,67.3741555479861,7.2715059052768,7.63937233596288,2.18351109805938,Very Good,Very Good,None,Medium,None,0.951845987535609,1.05059013022586,0.285823363757301,5.70364781833178,7.89384427201208,9.07151811233767,0
GIA10121,Fauxfire,1920,Anushka Kapoor,18804,8.25,0.6,1,6,2,2,68.9941611850941,56.6701233344818,7.58668823521015,7.02988048648524,3.14136463204205,Fair,Fair,None,Medium,Small,1.07920586271635,0.926607271649738,0.446858895834892,0.718227123336366,2.47735651085786,9.8834646738281,0
GIA10122,Gemimmitation,2007,Bhavya Sharma,18803,6.52,1.3,4,8,4,3,63.8943708516536,65.7408814774153,3.23311201686118,8.56885303825785,1.9702105936525,Premium,Fair,Medium,Thin,Small,0.377309775582113,2.65034214514373,0.229926990795149,9.10804523016284,8.31658798068022,0.38049494427606,0
GIA10123,Shimmerock,1803,Deepak Patel,18797,7.31,1,4,6,2,1,66.856981930762,68.7850628779082,5.79164854531519,6.12608405964898,4.43288959600055,Very Good,Very Good,Faint,Thin,None,0.945407945585234,1.05774444214235,0.723609005824604,4.85482029191075,8.68820138403892,9.69224358594417,0
GIA10124,Crystaline,1925,Diya Shah,18795,7.21,1.2,1,8,4,3,53.7401257953574,53.5840427878761,6.21942817832333,4.07527466637221,3.57435810431432,Good,Good,Strong,Thick,None,1.5261371778555,0.655249091962478,0.87708397517564,0.869299271284843,3.32274906486029,5.67570950185662,0
GIA10125,Radiantara,1883,Divyansh Singh,18795,8.46,0.5,4,4,1,1,56.8392636258928,53.1506155240374,8.64053996902256,3.74761110462088,4.34297098469147,Good,Excellent,Medium,Thick,None,2.30561275644865,0.43372417905091,1.15886383710852,1.70725489839715,1.52252458753859,5.31882065269417,0
GIA10126,Luminique,2012,Eshaan Gupta,18791,8.01,0.6,2,6,0.5,2,58.5180414649662,55.7233072834601,9.10664410248411,3.65275121946755,1.72990782763058,Premium,Good,None,Thick,None,2.49309179720472,0.401108375199504,0.473590377141191,2.42499678981926,9.88043947787265,3.80790682719404,0
GIA10127,Glitzoria,1977,Gayatri Patel,18791,6.81,1.5,4,4,0.1,1,69.6766159172338,60.7576776180519,3.57340276942354,8.98062865502899,4.10186520476806,Ideal,Ideal,None,Medium,Large,0.397901183390151,2.51318679547498,0.456745887435295,8.7837370500879,7.71520137717136,8.28963025421617,0
GIA10128,ImitaGem,1944,Harsh Shah,18788,7.9,1.2,3,7,0.5,1,58.9897292902959,69.7765091278949,4.25496623413432,3.44761024590054,3.07577604117503,Ideal,Very Good,Strong,Thick,Medium,1.23417843974497,0.810255606317863,0.892147261956989,1.65503453785228,4.91046810700153,9.89716618363702,0
GIA10129,FauxFrost,1896,Ishan Kapoor,18787,8.41,0.7,2,8,3,3,57.5449399905525,52.184187082851,9.90241598836873,3.71323283135861,3.47211847140618,Ideal,Ideal,Medium,Medium,Large,2.66679102499091,0.374982512926151,0.935066188708611,7.01195662309879,8.65487754566902,2.11417550864325,0
GIA10130,Shinytique,1805,Jatin Singh,18784,6.68,0.8,3,5,0.1,3,59.2648419328051,67.3881984486888,5.87848289834222,3.15006030216369,1.08433264229983,Ideal,Fair,Strong,Thin,Small,1.86614932238105,0.535862799405613,0.344225995151597,5.67291541604492,9.87941767005196,2.0004870774045,0
GIA10131,Gemimic,2022,Jiya Patel,18781,8.63,0.5,4,8,0.5,3,64.4811864704047,62.4713019798528,8.53304676526137,4.86539426592911,3.40674579721078,Premium,Good,Medium,Medium,None,1.75382431492052,0.570182538520293,0.700199328360129,8.98889479930081,6.26026435082904,1.69335703565992,0
GIA10132,Glimmoria,1974,Kajal Gupta,18780,6.75,0.4,1,6,3,1,68.1523521430758,53.1994044650058,5.29697361210683,7.84247926797264,1.63453672437153,Fair,Ideal,Strong,Thin,None,0.675420798845943,1.48055849288124,0.208420917482907,3.42268017413627,3.86728339828667,9.53978800197524,0
GIA10133,LuxeSpark,1912,Kunal Sharma,18779,8.48,0.7,3,8,0.1,3,64.5156530531737,58.1941443209007,6.7067926053779,7.51749394747586,4.40436925560966,Fair,Fair,None,Thick,Small,0.892158031950239,1.12087765192677,0.585882647379917,5.89318259579739,0.293627382466962,1.11051763775557,0
GIA10134,Dazzlelite,1969,Lavina Khanna,18777,8.58,1,4,6,0.1,3,69.6800157563366,64.6110490775996,3.78549889511829,3.46175576647941,4.0754962376881,Good,Good,Medium,Thick,Large,1.09351992181936,0.914478081328627,1.17729167295729,2.94710349654535,6.52624094160077,4.2218076578923,0
GIA10135,Fauxfinity,2017,Mahesh Kumar,18768,7.71,0.6,3,7,4,2,57.7591414957066,68.0612992174253,9.85577276429698,4.71823784452159,2.62966805019862,Fair,Ideal,Faint,Thick,Small,2.08886730365673,0.478728351125711,0.557341138122566,8.58490901114315,6.89045495899366,5.70643394112384,0
GIA10136,Sparklusion,1988,Nandini Shah,18766,8.33,0.4,4,5,0.5,2,60.6426102714677,56.4700115666847,4.09190402371785,7.93896498371214,2.61863163010545,Ideal,Good,Strong,Medium,Small,0.515420339063459,1.94016402576786,0.329845469211405,3.80087341279117,8.81269924248414,4.44707085629837,0
GIA10137,Diamondelle,1946,Nihal Gupta,18760,8.52,1.2,3,6,4,1,50.7417930896243,65.6161896846431,4.50082272762841,8.70507141442505,4.24455840081215,Ideal,Ideal,None,Medium,Large,0.517034555301885,1.93410670475616,0.487596045884075,4.919453136338,7.67048585247506,2.02422822582108,0
GIA10138,Gemstonez,1878,Nikita Singh,18759,9.3,0.8,4,4,2,1,61.0086399525655,63.558024270534,6.93707332526743,9.3539242709503,1.48248412259484,Premium,Very Good,Strong,Medium,Large,0.741621711307982,1.34839633839241,0.158487932941564,0.0729060167585993,9.23038920493251,1.68875142757609,0
GIA10139,Brillare,1884,Ojaswi Patel,18757,9.66,0.6,2,6,3,3,66.6481610474133,66.4955279454549,4.8304443186307,4.2963135881455,3.92267225393092,Fair,Ideal,Medium,Medium,Small,1.124323031717,0.889424099471535,0.913032108446286,3.00172471884947,8.64218019818552,5.27455134073472,0
GIA10140,Imitara,1947,Parth Sharma,18756,9.63,1.4,1,7,4,2,63.9755818530162,58.924208317345,5.0749869883301,9.73484666920889,3.06257900680756,Premium,Very Good,Strong,Medium,Medium,0.521321717822447,1.91820130605144,0.314599614238859,6.25409225661327,5.10956624868336,8.07283221765655,0
GIA10141,Shimmerine,1878,Pranav Reddy,18745,6.53,0.7,3,5,4,3,65.1436474469604,53.0974877237654,6.95224538077339,9.28174708077638,3.53782133446872,Very Good,Fair,None,Thin,Small,0.749023359532423,1.33507184692377,0.381158989108417,1.46928126316797,4.9944394757499,1.33503774373605,0
GIA10142,Fauxcarat,2009,Prisha Kapoor,18741,8.34,1.3,1,6,1,1,55.542293391602,56.8660654904047,7.98352491677368,3.00144478286333,1.35641567604459,Good,Fair,Strong,Medium,Medium,2.65989398250982,0.375954833754847,0.451920916149784,7.26699041900354,4.05651986467788,4.90681977045608,0
GIA10143,Sparklara,1977,Rajat Sharma,18741,7.96,0.6,3,4,4,1,53.4749149237856,51.0891701641308,5.71965639454821,4.60185477125429,2.1871168842172,Good,Excellent,Faint,Medium,Medium,1.24290241193101,0.804568396038725,0.475268558642731,6.52122233152893,3.29491663327009,9.75594837991775,0
GIA10144,Gemulate,2003,Rohit Kumar,18741,8.31,1.2,4,7,4,3,60.022195906244,54.1851335023298,7.75551913372447,8.91655461055792,2.71252111462158,Very Good,Fair,Strong,Thin,Small,0.869788777443397,1.14970441782352,0.30421179851349,5.92756886067961,0.363520846691748,3.90526277899929,0
GIA10145,Luxuria,1816,Roshni Gupta,18736,8.02,0.7,3,8,1,1,58.7964561413135,59.8194463263146,7.8503646303389,8.44931129039219,2.69247161613171,Fair,Ideal,None,Medium,Small,0.929112960871217,1.07629539368637,0.318661666447697,0.068951138401615,6.42393129852019,3.07299185892547,0
GIA10146,Diaminique,1804,Sakshi Patel,18735,9.74,0.8,1,5,3,3,60.8211246016053,60.5260611071967,7.94035843085614,4.75863984572924,1.96212193086481,Premium,Excellent,Faint,Thick,Large,1.66861932995042,0.599297863839146,0.412328311129864,3.39293967018735,1.59336820355403,7.56243987340386,0
GIA10147,Radiantelle,1974,Sameer Sharma,18731,7.2,0.6,3,7,0.5,2,53.1814676440095,58.1263007852539,6.90024774018256,9.05582355074651,3.53518149990726,Ideal,Ideal,Medium,Medium,Small,0.761967997887254,1.31239107517999,0.390376588070318,5.14360810779904,0.482084017187413,9.90590249041932,0
GIA10148,Shimmerique,1806,Sarika Jain,18730,6.52,0.4,4,5,3,1,65.9372160918106,52.8575804646787,8.91597236486726,3.59628535770995,2.89860575084445,Very Good,Fair,None,Medium,Small,2.47921715826932,0.403353129702471,0.805999931187392,5.24479694591216,8.76127376744131,3.54125855100188,0
GIA10149,Crystaluxe,1964,Shivam Singh,18729,9.96,1.2,3,6,0.1,3,68.7045031046413,64.654498304086,3.54376997622617,3.84776541305993,1.06037158962896,Ideal,Very Good,Strong,Medium,Large,0.920994290399838,1.08578306122382,0.275581142766628,3.62228132310896,8.38706181482632,3.99388459552752,0
GIA10150,Gemvita,1926,Shreya Patel,18718,6.81,0.8,4,4,4,3,50.869632997675,63.457156193657,5.01706130764988,8.90491101023566,2.26251331633587,Very Good,Fair,Faint,Thin,Medium,0.563403868032265,1.77492569139182,0.254074781178076,2.46266835530118,3.26332492730246,0.700799282116328,0
GIA10151,Fauxflare,1872,Siddharth Shah,18717,8.74,0.6,2,6,1,3,59.8611422161906,67.1465661514,3.56775560316735,6.905751187622,4.51374565280275,Ideal,Excellent,Faint,Medium,Medium,0.516635411012528,1.93560096478897,0.653621239770885,8.115304595053,7.87726741030039,9.97639675054402,0
GIA10152,Shinyara,1820,Sonia Sharma,18710,9.89,1.4,1,7,4,2,64.8486560065478,55.1904993917883,5.02747168991336,3.74926029747476,1.12473563205623,Very Good,Very Good,Faint,Medium,Medium,1.34092361986696,0.745754631497362,0.299988675849947,0.940336500724771,2.4694209845363,9.97429422047375,0
GIA10153,Dazzlara,1984,Swati Gupta,18710,7,0.7,3,5,2,3,52.0057959637472,58.1890186861,9.65684479608325,9.68411536814634,2.5945794763088,Very Good,Good,Faint,Thin,Small,0.997183989344778,1.00282396296502,0.267921165503983,7.80513503030395,6.74916249816398,0.70713186426762,0
GIA10154,Sparklara,1915,Tanya Singh,18709,9.99,1.3,1,6,0.5,1,51.5676552577615,58.3080297573433,7.67002490614456,9.96150401709947,2.16477465637296,Ideal,Ideal,None,Thin,Medium,0.769966552538506,1.29875771447875,0.217314037384014,1.6386717555561,3.15124058928022,4.92452517339235,0
GIA10155,Glitzelle,2013,Urvi Patel,18707,8.9,0.6,3,4,0.1,1,52.833075320716,66.3541347642903,9.44837489452705,9.66168040829657,1.248013726024,Very Good,Very Good,None,Medium,Medium,0.977922524368912,1.02257589438931,0.129171497429404,2.63300322639183,5.65046122868912,0.202832141459001,0
GIA10156,Gemilia,2015,Vaidehi Sharma,18706,8.78,1.2,4,7,2,1,51.8647458559011,53.3143632765988,9.17436267661574,8.97939196021172,2.76055409863732,Premium,Fair,Faint,Thick,Large,1.02171313127525,0.978748309471024,0.30743218592857,5.54722466537192,3.09728239836854,0.213528738141303,0
GIA10157,Imitacarat,1939,Vansh Patel,18705,8.27,0.7,3,8,3,1,69.9466953289762,66.1138420718706,5.2170834273705,6.00777239379877,1.89728780294483,Premium,Very Good,Strong,Thin,None,0.868388994355975,1.15155766194576,0.315805539654467,1.11273886803416,9.82983828158601,5.55120406695394,0
GIA10158,Brillarex,1942,Vidushi Singh,18701,8.66,0.8,1,5,4,3,55.971469301627,54.0600990080611,4.39313281530964,3.24480488132409,2.10212622139836,Very Good,Fair,Medium,Thin,Small,1.35389737626286,0.738608418579166,0.647843644928369,2.07753866194444,6.63720785090381,2.51490196411558,0
GIA10159,Fauxtique,1940,Vinit Jain,18700,7.26,0.6,3,7,3,2,56.9944774801361,63.3631136772568,3.49067815803418,4.88543212926698,1.19029229498122,Good,Excellent,Medium,Thick,Medium,0.71450755341021,1.39956533031342,0.243641148517975,5.08139235745832,8.89125537980339,3.50689576219548,0
GIA10160,Shimmerella,1968,Vipul Sharma,18700,7.74,0.4,4,5,1,1,57.6845035130073,52.4177999503899,5.41827742935563,7.6633625234523,3.3109908513832,Premium,Fair,Faint,Thick,Medium,0.707036553833123,1.41435403103079,0.432054576727973,9.98128771321622,5.01103733926771,9.42309784747901,0
GIA10161,Luxolite,2020,Yashvi Gupta,18693,7.18,1.2,3,6,4,3,57.6116835579561,53.6164084103262,4.21265576683287,6.63644790375055,4.4406589679257,Ideal,Ideal,None,Thick,Small,0.634775685416307,1.57535964747005,0.66913189590716,8.09169837025891,0.0827945776753635,6.48082485982079,0
GIA10162,Diamira,1857,Aadhya Singh,18692,7.1,0.8,4,4,2,1,54.1740841889184,58.2815334910711,8.99298025417054,7.84226850061193,3.48739141831959,Premium,Fair,None,Thick,Medium,1.14673200152083,0.872043335909143,0.444691662628928,8.47205722901889,8.9956962720202,1.81051028255049,0
GIA10163,Gemfusion,1964,Aarush Shah,18692,7.72,0.6,2,6,0.1,1,51.624300589181,60.6929632854039,7.1082823729915,8.21579937760026,3.4957696889609,Ideal,Excellent,Faint,Medium,None,0.865196683401456,1.15580655726576,0.425493555562206,4.03634505541762,8.65728280854391,7.28762838464695,0
GIA10164,Sparklia,2018,Advait Patel,18691,8.99,1.4,1,7,2,2,62.8771778313806,68.9735199015227,6.54174434405824,4.89545678394588,4.15031971934135,Very Good,Ideal,Faint,Thick,Medium,1.33628885572255,0.748341195631153,0.847790084257689,3.60334761024299,0.145734472277013,4.79921596533439,0
GIA10165,Fauxjewel,2006,Ananya Kapoor,18686,8.05,0.7,3,5,4,3,54.1648992113703,61.6967080990528,3.26305735754126,7.50004043551745,2.32428434341131,Ideal,Excellent,Strong,Thick,None,0.43507196869081,2.29847030368132,0.309902908310247,5.84951037110895,8.9146430846525,5.74152989734529,0
GIA10166,Glitzen,1978,Arnav Singh,18682,7.32,1.3,1,6,1,1,52.148217790871,52.6670466063755,7.19787713888889,7.94584631266869,1.00439265552773,Fair,Good,Faint,Thick,Small,0.90586664474151,1.10391524602978,0.126404742302447,2.91651731157773,1.21285695109705,9.15770977978988,0
GIA10167,Dazzlite,1926,Asha Gupta,18680,8.19,0.6,3,4,3,1,54.1295145941818,67.8235268912561,9.7164064818523,6.27276279791405,1.50342237809632,Premium,Ideal,None,Thick,None,1.54898356511797,0.645584641773678,0.239674673908643,3.27685947930395,7.85894053828275,0.962653815710006,0
GIA10168,Sparklight,1983,Bhavesh Patel,18678,6.92,1.2,4,7,4,3,60.83793120556,50.1391115355794,9.60840179912305,8.816629014692,1.49198840176216,Fair,Very Good,Medium,Thin,Medium,1.08980448004692,0.917595787417704,0.169224359931207,9.38621121173896,5.1571833480082,4.9075219168313,0
GIA10169,Gemfinity,1849,Devanshi Sharma,18678,9.23,0.7,3,8,1,1,54.2101597659964,51.7193310131325,4.85984525035621,6.33657586615077,3.07999107672109,Ideal,Very Good,Strong,Thin,None,0.766951324029263,1.3038637116452,0.486065525258528,9.63980865856879,3.48300497721664,8.9502093775923,0
GIA10170,ImitaFire,1811,Divyanshi Patel,18674,6.92,0.8,1,5,3,3,63.7187098829222,68.3003188358306,9.78853091594194,6.87257469910629,3.88616344398161,Fair,Good,Faint,Thin,Small,1.42428876287293,0.702104816149008,0.565459615082389,0.955267182492785,7.18657439213632,7.25089681046501,0
GIA10171,Brillustre,1909,Eklavya Singh,18663,8.91,0.6,3,7,0.5,2,51.7502297808296,61.804342333472,9.78182130411837,8.5115327125114,1.76370985394517,Premium,Very Good,None,Thick,Small,1.1492432249881,0.870137824837164,0.207214130934682,5.27895936293321,1.74851545411583,4.6820706020952,0
GIA10172,Fauxluxe,1822,Gayatri Singh,18659,7.49,0.4,4,5,3,1,51.3179376263341,52.4791448128125,6.04964292775614,9.61253344448897,2.92771789160835,Ideal,Very Good,Medium,Medium,Large,0.62934948031047,1.58894228292153,0.304572973245348,1.21645542446325,7.21531021777688,4.49994396470687,0
GIA10173,Shimmara,1809,Harshita Shah,18656,7.35,1.2,3,6,0.1,3,59.3062254747148,55.8140609805473,3.60326988181496,3.1234025755616,4.35057461293308,Good,Excellent,Strong,Thin,Small,1.15363607304674,0.866824489424129,1.39289589083815,6.04494619788431,0.400026507107282,5.92154654820271,0
GIA10174,Luximite,1987,Ishita Gupta,18653,7.79,0.8,4,4,4,3,55.6082826362473,58.7400144629106,3.67604247991932,5.5069802858231,4.04741577724642,Very Good,Very Good,Strong,Thick,Large,0.667524176431637,1.49807308155588,0.734961007154117,9.97459167811497,8.87397520589711,8.90928517689397,0
GIA10175,Diametron,1999,Jaidev Sharma,18648,9.56,0.6,2,6,1,3,50.3785274844364,55.5975693008363,8.71671151862767,6.50436866765857,4.76250671916531,Good,Fair,Medium,Thin,Medium,1.34013183508023,0.746195242753954,0.732201226976224,3.6355217812606,9.90458910503285,1.20161481995034,0
GIA10176,Gemara,1876,Jhanvi Singh,18640,9.14,1.4,1,7,4,2,52.1790758454285,68.3416667829105,7.8623009839363,4.80908873519445,4.03864367947723,Fair,Very Good,Strong,Thick,Small,1.63488374136194,0.611664288230638,0.839793961363438,9.52258149472015,4.50696786529579,5.06612584075627,0
GIA10177,Sparklelite,1950,Karishma Patel,18640,6.9,0.7,3,5,2,3,66.2306490255558,53.4020975457039,5.65173984126373,4.20062707599228,2.78610897487816,Ideal,Very Good,Faint,Thick,Medium,1.34545146213167,0.743244946507131,0.663260252451718,1.43578268774821,7.96447500968516,8.64490509805592,0
GIA10178,Fauxflare,1812,Krish Sharma,18630,9.07,1.3,1,6,0.5,1,65.2379137616684,62.2443872727099,3.51937298761096,4.78511683812959,4.4392830368641,Very Good,Ideal,Faint,Medium,Medium,0.735483188115133,1.35965038516075,0.927727198109406,2.31341931074639,4.93066133413942,8.04716033497297,0
GIA10179,Shimmerock,1900,Lata Gupta,18625,9.04,0.6,3,4,0.1,1,68.531282287212,56.0885045373799,5.35728902532744,3.55483394010676,3.27081840118073,Fair,Ideal,Faint,Medium,Medium,1.5070433993793,0.663550897347655,0.920104414520834,8.45713271474805,1.2490335877289,7.18766281332908,0
GIA10180,Glitzlite,1992,Mayank Singh,18615,7.82,1.2,4,7,2,1,51.1116877340976,66.870214111055,4.32791428690809,4.22052736203492,4.21552478829048,Good,Ideal,Medium,Medium,Medium,1.02544395893251,0.975187372541546,0.998814704107965,0.73362375016006,0.0893781023246009,9.65004942782737,0
GIA10181,Diamura,2000,Nandini Sharma,18614,9.55,0.7,3,8,3,1,65.7276971788637,63.1694713617202,5.61716483718738,7.39562541106572,3.0559574241502,Very Good,Fair,None,Medium,Large,0.759525330850679,1.31661178288811,0.413211493861996,5.4080183940055,4.65958465076699,9.7768344143065,0
GIA10182,Imitationfire,1983,Nirav Patel,18611,7.77,0.8,1,5,4,3,68.1445396837484,68.5127856283714,7.04118243307129,9.91696392121095,2.64902307729412,Very Good,Excellent,Strong,Thin,None,0.710013920491454,1.4084230902231,0.267120370542868,7.67386532742905,4.12735337412902,0.162512242537647,0
GIA10183,Brilliancea,1955,Nisha Gupta,18607,9.59,0.6,3,7,3,2,51.7083877247859,59.8603389777111,7.05809185654033,8.2988483675303,3.16078762141407,Good,Very Good,Faint,Thick,None,0.850490519161128,1.17579206054682,0.380870631855478,4.65399490845807,2.58513551638213,7.35944674999178,0
GIA10184,Fauxtique,1990,Omkar Shah,18604,6.61,1.2,3,6,4,3,50.8898117081339,68.1222212552932,3.80317598966042,9.29765456439099,1.06358495314536,Good,Fair,None,Medium,Small,0.409046815336221,2.44470794663939,0.114392823026441,5.26845994830844,6.25617443670616,2.29217131760326,0
GIA10185,Sparklim,1898,Parthiv Singh,18599,8.14,0.8,4,4,2,1,66.9468167285621,59.7859271576688,7.998086778216,5.98676862208302,4.92239252209994,Ideal,Good,Medium,Thin,Medium,1.33596056288428,0.748525089573783,0.822211919789753,7.10279388969732,9.27312237010743,8.17042665522266,0
GIA10186,Gemirror,1879,Pranav Khanna,18598,6.9,0.6,2,6,0.1,1,52.7312513690759,62.6850283503056,5.07887142875292,4.72787348271518,3.55404895158384,Fair,Fair,Medium,Thick,Large,1.07424013085818,0.930890562802863,0.751722516386538,6.2503825980156,9.26300497677385,9.4300599084479,0
GIA10187,Shimmerara,1994,Preeti Sharma,18594,8.91,1.4,1,7,2,2,69.1414832494259,64.4707156957126,5.93861989058662,8.29968651948904,1.88638319510494,Very Good,Ideal,Medium,Thin,None,0.715523396774294,1.39757833846967,0.227283667964495,1.47721648614743,7.30539729182239,5.54417606372025,0
GIA10188,Luxora,1905,Raj Gupta,18593,7.84,0.7,3,5,4,3,64.2845421180964,57.4049740078138,3.93630163181181,9.52807908541784,2.15931848588869,Premium,Fair,Faint,Thick,Medium,0.413126465106286,2.42056630224046,0.226626843305006,1.0707275509159,9.21410298865814,0.841016778211463,0
GIA10189,Diamara,1818,Ronak Patel,18578,8.52,1.3,1,6,1,1,62.6834038730802,54.621237810735,3.78243261012667,7.58430565686193,2.94039241440248,Ideal,Very Good,Strong,Thick,None,0.498718377298586,2.0051396650284,0.387694345064027,1.12339165080428,6.59196730451296,5.94778409677987,0
GIA10190,Gemfinity,1914,Roshan Sharma,18575,9.98,0.6,3,4,3,1,61.3997119188886,69.1011344899181,3.8549886158187,9.07778978359164,1.58630931780688,Fair,Good,Medium,Thin,None,0.424661586985271,2.35481623638043,0.174746205367542,6.3318284100158,0.890757278507529,1.02157530519654,0
GIA10191,Imitalux,2000,Sakshi Singh,18574,9.37,1.2,4,7,4,3,63.3920966105266,61.7414891139044,8.9397631194804,5.46760605442119,2.47882629928133,Good,Very Good,Strong,Medium,Large,1.6350415575847,0.611605249640997,0.453365929185207,3.42063177170613,3.23228133789915,9.16487808770152,0
GIA10192,Fauxfire,1822,Samarth Patel,18572,9.27,0.7,3,8,1,1,60.396679909895,62.1328355840051,5.25195556173437,5.11239504203323,4.52137629602774,Premium,Ideal,None,Thick,Small,1.0272984615926,0.973426942010328,0.884394937960343,1.54874357949515,6.7467643446029,2.03391225231668,0
GIA10193,Sparkluxe,2002,Sarita Gupta,18571,7.72,0.8,1,5,3,3,57.8215932112758,59.4528210947793,7.72640741041361,9.49591690598318,3.71486150417861,Good,Ideal,Faint,Thick,None,0.813655751931165,1.22902099275591,0.391206193246905,2.47442973344938,3.65770226593828,8.67405619797143,0
GIA10194,Glitzelle,1804,Shivangi Singh,18565,7.58,0.6,3,7,0.5,2,53.8976769884317,57.8235967219624,6.95904660121278,5.56567297087946,2.48762672400049,Very Good,Fair,Faint,Medium,Medium,1.25035132995123,0.799775212011011,0.446958838044595,9.99444641217701,3.8204708646266,1.13576053457799,0
GIA10195,Diamantique,1863,Shreya Shah,18561,8.72,0.4,4,5,3,1,59.504070865916,59.885982205314,7.88673239839498,7.05364406817395,2.00621299607871,Good,Ideal,None,Thin,Large,1.11810750899381,0.89436837867219,0.284422204563843,3.56527528086093,8.70802445890673,1.39920921040349,0
GIA10196,Shimmerlight,1856,Siddharth Singh,18561,9,1.2,3,6,0.1,3,53.0589793827006,53.1725483326028,3.77937563736259,5.67224290082747,3.28515516987879,Premium,Very Good,Faint,Thin,None,0.666292982060281,1.5008412619143,0.579163344609158,2.385309781901,6.4146646170953,5.61821474377382,0
GIA10197,Luxara,1869,Sonal Patel,18559,9.48,0.8,4,4,4,3,62.9248988877623,64.5746801032547,5.2256178194912,4.83986322520605,1.93863578208028,Premium,Excellent,Medium,Medium,None,1.07970361482038,0.926180098198856,0.400555902485807,6.15658893610963,5.67356268818537,8.7299889422268,0
GIA10198,Gemette,1921,Tanay Sharma,18559,7.5,0.6,2,6,1,3,53.4449336467456,53.7175595541746,7.315013766807,5.88949157786182,3.26748930393013,Good,Good,Strong,Medium,None,1.24204503395566,0.805123785902672,0.554799894138976,0.99974540645478,7.06575776362468,5.14066523037732,0
GIA10199,Imitastone,1949,Ujjwal Singh,18559,9.1,1.4,1,7,4,2,54.5322301132827,51.5947959984062,3.82705136103509,9.80117254516753,1.44951564190654,Premium,Ideal,None,Thin,Medium,0.390468726409885,2.56102456448784,0.147892064467452,5.74393161986959,9.92825121211611,3.8692211764397,0
GIA10200,Fauxflare,1936,Vaishnavi Gupta,18557,6.78,0.7,3,5,2,3,68.9931458023927,58.416170997121,9.69648180064135,7.43751158833348,3.72635816465639,Ideal,Excellent,Faint,Thick,Medium,1.30372661413412,0.767031975230598,0.501022165868161,6.67802605146894,7.26473907058155,3.92993323839006,0
GIA10201,Sparklite,1879,Varsha Sharma,18552,8.56,1.3,1,6,0.5,1,64.7860716431329,53.0585144880577,3.54869877098359,7.8942374576715,4.90196617065221,Premium,Excellent,Faint,Thin,Medium,0.449530279524974,2.22454425329638,0.620954993681948,7.94563587811869,3.24325947007292,1.06932083979918,0
GIA10202,Diamimic,1910,Vivaan Patel,18542,8.11,0.6,3,4,0.1,1,53.1169136138686,51.603432340199,9.56602219564601,3.97495400567184,4.78003795455162,Very Good,Ideal,Medium,Medium,None,2.40657431054454,0.415528411326606,1.20253918604617,0.21348816944228,0.3966831185847,2.0896725289098,0
GIA10203,Gemorium,1824,Yashika Gupta,18541,9.46,1.2,4,7,2,1,56.2286278257715,54.5974093097687,5.19747631795925,3.09238778872891,2.5496660260876,Ideal,Good,Medium,Medium,Medium,1.6807323896773,0.594978716505843,0.824497508165239,9.66679167623346,8.52447776769456,9.06190918354852,0
GIA10204,Brillantara,2014,Aadya Sharma,18541,7.28,0.7,3,8,3,1,60.837999676886,58.6063849036964,6.13458943006629,8.5562823154833,2.3738410103985,Fair,Excellent,Strong,Thick,None,0.716969029757846,1.3947603850305,0.277438369010199,0.676921321979963,6.80148252148065,2.32927269418237,0
GIA10205,Fauxglow,1838,Aaryav Patel,18535,8.05,0.8,1,5,4,3,61.6149118730895,58.1625167820161,6.77212563429607,7.07376785302334,1.181858264044,Ideal,Very Good,Medium,Thin,Medium,0.957357631039822,1.04454173401622,0.167076201622714,3.42701830231922,9.71966782691953,3.16992875575166,0
GIA10206,Shimmellite,1958,Advika Singh,18532,7.44,0.6,3,7,3,2,59.9340617603065,54.092118278941,4.89536417121541,4.33741743710765,1.04144457047932,Ideal,Very Good,None,Thin,Small,1.12863570135869,0.886025489709535,0.24010706499437,3.67901005891816,0.166517108167153,0.981908203771845,0
GIA10207,Luxentia,1882,Anika Gupta,18531,6.52,0.4,4,5,1,1,50.4472860055463,64.7521423070823,5.26086118595658,6.15122082484036,3.96339093231763,Good,Very Good,Strong,Medium,Small,0.855254808071878,1.16924218438998,0.644325906218867,2.1605055785571,1.18444380725738,3.85843146508415,0
GIA10208,Diamita,1930,Arush Shah,18531,7.51,1.2,3,6,4,3,63.7443593860755,60.2924566882662,4.58750594082303,4.43377889385043,4.44521873234016,Ideal,Excellent,None,Thick,None,1.03467178915615,0.966490060404146,1.00258015538519,0.51637885209458,3.01587084244471,4.75198115522501,0
GIA10209,Gemstonea,1956,Ashutosh Singh,18528,7.21,0.8,4,4,2,1,53.8224248453828,59.1372920628603,4.79636365180262,4.98039465564228,3.38340223343833,Very Good,Very Good,Medium,Medium,Large,0.963048911469058,1.03836885966111,0.67934420209155,4.03540464179019,8.49500684902665,8.02164154833703,0
GIA10210,Imitalite,1990,Bhavana Patel,18526,7.75,0.6,2,6,0.1,1,69.2918046538314,64.3075010828856,6.33542466995426,8.79148530227175,2.05089929998141,Very Good,Very Good,None,Thick,Large,0.720631890076317,1.38767103395062,0.233282457908614,1.68381685345673,3.69642777967721,9.4166174029404,0
GIA10211,Fauxshine,1951,Devansh Sharma,18525,8.33,1.4,1,7,2,2,50.456003957725,58.7878231248712,5.90960410650415,6.59200672357463,2.29023272100776,Fair,Excellent,Strong,Medium,Small,0.896480291103156,1.1154734910786,0.34742572588971,2.39757063144627,5.77337008129946,4.99870330910807,0
GIA10212,Sparklara,2001,Divyansh Gupta,18524,8.99,0.7,3,5,4,3,61.6573969462211,52.4951550083962,4.69646078626466,5.74612954398446,4.98688337701924,Fair,Fair,Medium,Thin,None,0.817325949635319,1.22350208071356,0.867868247460577,7.53894069560666,9.62170088896969,1.2190793395929,0
GIA10213,Glitzlite,1928,Ekta Singh,18522,8.02,1.3,1,6,1,1,50.0341802507298,56.3191175950421,7.97691706471366,6.04812336683692,2.68077211874623,Very Good,Fair,Faint,Thin,None,1.31890779683045,0.758203115034395,0.443240317061891,6.42166204970202,2.92881185953651,9.60945193736696,0
GIA10214,Diamoria,2009,Gopal Patel,18515,7.46,0.6,3,4,3,1,52.6731639053525,68.7421878151837,9.33496188190367,9.86990879124874,4.80097520727413,Premium,Fair,Strong,Medium,Large,0.945800217544119,1.05730574116023,0.486425488706741,8.93754113695773,8.30827093454689,3.13555671326107,0
GIA10215,Shimmerfire,1839,Harshvardhan Singh,18509,9.34,1.2,4,7,4,3,61.7383724107927,51.2460167625162,5.0940029945733,9.08065923905814,3.72460412123692,Ideal,Ideal,Strong,Thin,Large,0.560972817112522,1.78261756986241,0.410168912100179,2.85427644453812,0.745591383193069,8.47902663629071,0
GIA10216,Luxara,1855,Ishaan Kapoor,18508,9.55,0.7,3,8,1,1,66.9339902738943,51.2871852351113,5.13652832275641,9.1211493048325,2.90566771175617,Fair,Very Good,None,Medium,Medium,0.563144857198534,1.77574204437323,0.318563770271441,9.4715953696768,3.9345813417424,6.9648004225762,0
GIA10217,Gemtique,1915,Jatin Sharma,18508,7.14,0.8,1,5,3,3,59.7306181707789,68.3369888977687,8.00504193024058,8.88476461603619,2.02369577812282,Ideal,Good,None,Medium,None,0.900985256918591,1.10989607468166,0.227771456597763,7.18024366769948,6.40807813819094,5.85167585764488,0
GIA10218,Imitalara,1900,Juhi Patel,18507,9.32,0.6,3,7,0.5,2,66.2383151041924,56.3158216687067,7.71946149875778,6.99018959353645,2.48063564382356,Very Good,Very Good,Strong,Thin,Medium,1.1043279149246,0.905528137508207,0.354873871535231,9.52945731431356,7.86906549490396,8.42146687350324,0
GIA10219,Fauxfrost,1954,Kashish Gupta,18507,8.16,0.4,4,5,3,1,51.1723352191289,53.2710401665661,4.12720140869442,6.11664178684437,1.38394347723705,Very Good,Good,None,Thick,None,0.674749568884542,1.48203132853147,0.22625870951175,3.19892728940815,8.63080843521918,9.75215490648597,0
GIA10220,Sparklara,1856,Krish Kapoor,18500,7.65,1.2,3,6,0.1,3,62.7826187753811,61.3458548010871,7.03571505154905,4.11024209298727,2.68397127805183,Premium,Fair,Faint,Thin,Small,1.71175198257862,0.584196782114181,0.652995910540432,7.90768254405821,2.83433462002492,6.63122213007859,0
GIA10221,Diamara,1832,Leela Sharma,18495,6.87,0.8,4,4,4,3,64.6191291478039,68.2782211014919,7.09673612603337,5.42252588208999,1.03392283606426,Premium,Fair,Faint,Medium,None,1.3087509917607,0.764087291085577,0.190671812093916,7.89264834029252,9.76109495564292,5.47275652697567,0
GIA10222,Gemfinity,1967,Mayank Gupta,18493,8.31,0.6,2,6,1,3,63.0392397756325,67.0185218882245,5.9816391860586,6.74337509687128,2.74236245150538,Very Good,Very Good,None,Medium,Small,0.887039368288129,1.12734568019215,0.406675056942591,5.47334304238723,5.40887054436072,2.99284117332835,0
GIA10223,Shimmerlux,1913,Neha Singh,18489,8.84,1.4,1,7,4,2,64.9274993465326,65.5354947426916,7.59250816621033,9.11852482696164,1.78896155322385,Premium,Good,Faint,Thin,Large,0.832646542098653,1.20098979511707,0.196189799026949,8.80259000144238,7.60727532395397,2.83313372052233,0
GIA10224,Luxentia,1979,Nirmal Patel,18487,9.43,0.7,3,5,2,3,68.3691842517984,55.9972312882045,6.7868939902405,5.05719621259118,2.35518751027607,Premium,Very Good,None,Thin,Medium,1.34202702543808,0.745141477067916,0.46571013092437,0.971668518006079,9.92030074753056,6.799598246193,0
GIA10225,Diamite,1893,Nishant Gupta,18485,9.73,1.3,1,6,0.5,1,59.6237250167751,64.578964167496,8.96328784193198,3.35026967434957,4.50417254810445,Ideal,Excellent,None,Medium,Large,2.67539294241205,0.373776869986967,1.34442089321627,0.956337573949124,1.12838766609339,3.68393893961542,0
GIA10226,Fauxspark,1979,Omkar Singh,18483,8.62,0.6,3,4,0.1,1,68.0693056655516,66.6122877288862,3.72956777346321,9.34636713644136,1.72869594932951,Premium,Good,Strong,Thick,None,0.399039297196199,2.50601884833493,0.184959131616963,1.48561978512149,9.86584946212224,8.50069445674208,0
GIA10227,Sparklite,1921,Parth Patel,18481,7.7,1.2,4,7,2,1,63.2520957000759,66.7199342954027,9.25030553528923,8.63863591821478,1.64371377410189,Premium,Fair,Strong,Thin,None,1.07080627345166,0.933875739050891,0.190274690317261,5.51599917645921,7.12122240968633,1.87322252119699,0
GIA10228,Gemstonea,1856,Pranav Kumar,18480,8.64,0.7,3,8,3,1,61.7200239966788,65.051683034962,3.66150664401607,5.6305481687297,3.92294969143709,Fair,Very Good,None,Thin,None,0.650293103671668,1.53776811464526,0.696726068915265,8.27421008829598,0.189125973661289,3.61610011767664,0
GIA10229,Imitalite,1960,Preeti Singh,18477,7.08,0.8,1,5,4,3,50.2537898507526,64.9070928209476,4.4357657566269,5.60741435980078,4.16251476773322,Good,Ideal,Strong,Thin,Large,0.791053678577178,1.2641367167379,0.742323377700431,5.81372248639619,4.81703896985967,5.91449256215792,0
GIA10230,Fauxshine,1919,Rakesh Sharma,18475,9.36,0.6,3,7,3,2,50.7763020081081,56.7001646371486,8.11327175431789,4.06947848545793,3.45365290292938,Good,Fair,Medium,Medium,None,1.99368832721692,0.501582913612151,0.84867211247604,3.87258871601525,3.99541684902046,9.86193293283788,0
GIA10231,Glitzluxe,2014,Roshni Patel,18474,8.01,0.4,4,5,1,1,60.6973775069019,52.1434401821552,3.90346295104546,8.99673739830074,4.41667001930653,Very Good,Fair,Medium,Thin,None,0.433875390403495,2.30480921969328,0.490919076969027,1.93207230369453,4.63731272509178,2.61471317982618,0
GIA10232,Diamoria,1990,Sahil Gupta,18472,9.76,1.2,3,6,4,3,66.1855342523839,53.2637319031128,6.95844526153055,9.47564002043809,1.53428155282316,Ideal,Good,Faint,Thin,None,0.734350951125392,1.36174672132922,0.161918514159873,8.03631361499438,3.43065517912121,6.68490433298769,0
GIA10233,Shimmerfire,1969,Samir Singh,18470,8.67,0.8,4,4,2,1,64.6849125982682,65.902444351795,8.3635392469991,4.8378169534185,3.94217824955572,Good,Very Good,Medium,Thick,Small,1.72878373190396,0.578441352463832,0.814867178215598,4.65854291505979,8.28120710228858,4.65139658202385,0
GIA10234,Luxara,1847,Sarika Sharma,18468,7.6,0.6,2,6,0.1,1,54.8536120836911,67.2572477877042,5.98366100539425,8.62624700896779,4.43548156122576,Premium,Excellent,Strong,Medium,Medium,0.693657508204166,1.44163364221189,0.514184390571549,5.57497986722283,1.00686112763252,7.77214358654933,0
GIA10235,Gemtique,1896,Shivansh Patel,18462,6.61,1.4,1,7,2,2,60.4640195409015,63.9056843154306,4.2678434725233,8.75821368180179,3.15960939179485,Good,Good,Strong,Medium,Small,0.487296111693555,2.05214032290261,0.360759568855922,7.12312016628282,9.904733923824,7.70735977814247,0
GIA10236,Imitalara,1924,Shreya Singh,18462,7.78,0.7,3,5,4,3,65.9364394158923,59.7491499794247,8.47540771932484,8.3493927637557,1.63145684298411,Good,Excellent,Strong,Thick,Small,1.01509270903102,0.985131693985433,0.195398262981013,2.42836300359173,6.48997196843835,9.34684709792914,0
GIA10237,Fauxfrost,1992,Siddharth Gupta,18458,9.47,1.3,1,6,1,1,51.693976505327,67.2851341124336,4.97808191215705,9.69079386576708,1.09383039377826,Premium,Ideal,Strong,Thick,Small,0.513691858593982,1.94669232784238,0.112873146300453,5.34736199596347,7.13229093407573,0.00537518709855411,0
GIA10238,Sparklara,1985,Sonia Singh,18447,8.78,0.6,3,4,3,1,57.8505753555927,59.9816025612925,7.18420449181708,4.35959525227335,2.83543002955589,Very Good,Good,Strong,Thick,Medium,1.64790630232721,0.60683061809265,0.650388365313805,1.86447545321269,7.25942210050779,8.81928798820713,0
GIA10239,Diamara,1861,Tanisha Gupta,18447,7.91,1.2,4,7,4,3,60.1495242763824,54.190142993911,5.26113641969019,4.99831496568056,4.66012881736972,Ideal,Excellent,Faint,Thick,Medium,1.05258201130065,0.950044736907789,0.932339968442787,7.06562403850026,4.79448043172387,5.65337633660262,0
GIA10240,Gemfinity,1834,Udit Sharma,18445,7.1,0.7,3,8,1,1,67.9306128189615,52.9694369854214,8.72274850262617,4.65009706354617,1.22435795026566,Ideal,Fair,Medium,Medium,None,1.87582073737923,0.53309998128986,0.263297288967119,0.378636880354924,5.1713203863787,6.2603928416885,0
GIA10241,Shimmerlux,1852,Vaishnavi Singh,18443,7.52,0.8,1,5,3,3,63.5573056792839,53.7470612393028,6.00567662764583,4.15132308703372,2.57984012770083,Premium,Very Good,Faint,Medium,Small,1.44668976654792,0.691233202254681,0.621450095213917,5.58745678011269,3.87969739734886,9.13059476244491,0
GIA10242,Luxentia,1844,Vartika Patel,18442,9.73,0.6,3,7,0.5,2,58.1873094389515,56.6073662226992,3.11547144001341,8.18794652673283,2.69438527185448,Premium,Good,Faint,Thick,Medium,0.380494844445027,2.62815650356197,0.329067277498403,1.15703775666871,8.99770064512347,4.29489569336042,0
GIA10243,Diamite,1879,Vivek Gupta,18440,8.76,0.4,4,5,3,1,59.7527331021116,63.8912023822153,3.9606974375181,7.70239704343898,1.72824150037417,Good,Fair,Faint,Thin,None,0.514216212846607,1.94470725546396,0.224377098535359,9.18724422344178,4.40194360504145,4.55760367104895,0
GIA10244,Fauxspark,1903,Yashasvi Singh,18440,9.52,1.2,3,6,0.1,3,58.3491447043609,53.2283585959543,4.04760362784812,6.09455277731159,3.85543486774371,Ideal,Excellent,Strong,Thick,None,0.664134642153937,1.50571877527239,0.632603409736064,0.246626872422611,6.01667383337124,2.10983399721897,0
GIA10245,Sparklite,1944,Aanya Patel,18439,7.17,0.8,4,4,4,3,69.9399706978003,52.083675155319,9.32659515024744,8.86905477321357,1.50228303010181,Ideal,Fair,None,Medium,None,1.05158840358227,0.950942399700739,0.169384795619825,0.122084901057589,5.42158740092824,0.600510258517386,0
GIA10246,Gemstonea,2005,Aarav Shah,18435,9.8,0.6,2,6,1,3,69.9348288179839,69.2978832503925,7.18704797519513,7.20519170310103,3.13224070221071,Fair,Good,Medium,Thick,Large,0.997481853550393,1.00252450351918,0.434719967389991,9.30094515505451,9.13032603010572,8.71499726928477,0
GIA10247,Imitalite,1881,Advit Gupta,18432,7.59,1.4,1,7,4,2,60.4615954730176,60.5570993673251,5.88541615024999,7.96943644755974,3.11471623080846,Premium,Good,None,Thick,None,0.738498410643844,1.35409905503814,0.390832683252301,6.96113007583928,0.988010929490253,4.40209842963558,0
GIA10248,Fauxshine,1903,Anisha Singh,18431,6.57,0.7,3,5,2,3,50.0262132767503,51.139747504763,6.05496514980063,6.48146768843032,3.02257728672443,Premium,Very Good,None,Thin,Small,0.934196611148579,1.07043847950862,0.466341488073735,2.76567768098511,5.4286625617041,5.6775933015129,0
GIA10249,Glitzluxe,1821,Arnav Sharma,18430,8.96,1.3,1,6,0.5,1,51.9123911789773,65.6818139311801,9.96850669011132,8.44894857844339,3.58674185624648,Very Good,Ideal,Strong,Medium,Small,1.17985174102549,0.847564117785533,0.424519314201731,4.24243196091474,3.68731606108908,8.77394008410501,0
GIA10250,Diamoria,1993,Ashwin Patel,18430,7.5,0.6,3,4,0.1,1,50.1100147645392,56.472120128669,8.75210276586053,5.16839933969846,4.47766184719802,Premium,Fair,Faint,Thin,None,1.693387486264,0.59053229583397,0.866353691520141,6.46209487427721,1.48686287269167,2.03415268587811,0
GIA10251,Shimmerfire,1844,Bhavika Singh,18430,6.79,1.2,4,7,2,1,57.704589748783,60.3504624433338,6.75120488486109,8.70751821775036,1.34391113664419,Premium,Ideal,Faint,Thick,Medium,0.775330549535767,1.28977247265537,0.154339170247685,2.35143595720637,2.15872142751633,9.50886729807416,0
GIA10252,Luxara,1903,Divyanshi Singh,18429,7.61,0.7,3,8,3,1,69.1123486854906,61.1287311269855,8.10555061387836,6.14575970848435,2.46076443651697,Good,Very Good,Faint,Medium,None,1.3188850521911,0.758216190515368,0.400400365982391,0.964675971766824,8.55282671739722,9.79529306909911,0
GIA10253,Gemtique,1812,Eshaan Shah,18426,7.89,0.8,1,5,4,3,52.7826529992764,61.1624293222973,7.37409125209955,3.74235522559268,4.83956614463499,Premium,Good,Faint,Medium,Small,1.97044128832845,0.507500530933511,1.293187271892,3.41499764579559,1.42012353848331,9.34637138040758,0
GIA10254,Imitalara,1890,Gauri Patel,18426,8.31,0.6,3,7,3,2,50.8903653902547,65.6220412231323,3.22593879392992,8.10152070391157,2.00511481895135,Fair,Very Good,Strong,Thin,Medium,0.398189292088382,2.51136838651612,0.247498573691633,4.74411647881147,8.7937747693533,0.22756318257641,0
GIA10255,Fauxfrost,1817,Harshit Gupta,18426,8.88,0.4,4,5,1,1,56.2420261590099,66.2367624819548,7.80122649289594,7.91077161720923,3.01607229882956,Very Good,Ideal,Strong,Thick,None,0.986152409699835,1.01404203869904,0.381261455237608,8.30734178884142,5.28317318103876,3.7940254938695,0
GIA10256,Sparklara,2015,Ishaan Singh,18423,9.72,1.2,3,6,4,3,64.2890200932643,53.4900064382788,6.63340375329254,7.51760611822254,3.66686685118037,Premium,Excellent,None,Thick,Small,0.882382456459549,1.13329542386005,0.487770547367726,7.68042939542881,2.232534976578,4.04689894184756,0
GIA10257,Diamara,1979,Kavita Gupta,18421,9.53,0.8,4,4,2,1,55.0136051189009,62.1310477241846,6.60641297801535,6.33236469448965,4.36592135948222,Fair,Ideal,None,Thick,Large,1.04327740058373,0.958517839493584,0.689461452414671,5.71247954551723,4.10133751566353,1.63462922761915,0
GIA10258,Gemfinity,1872,Krish Singh,18419,7.02,0.6,2,6,0.1,1,63.4217114178792,69.3362531638259,9.32299987406495,6.62089600253188,3.68958586429479,Very Good,Ideal,Medium,Medium,Large,1.40811755244301,0.710167981547454,0.557263829983716,4.0396709124558,9.54719565118982,8.50670617416977,0
GIA10259,Shimmerlux,1846,Lokesh Patel,18416,8.62,1.4,1,7,2,2,55.250062730451,58.4084273163563,7.27500747027537,7.73716385075606,1.11774779759666,Premium,Fair,Strong,Thick,None,0.94026798586726,1.06352658500613,0.14446479603601,0.434136875546484,5.86573607009074,0.539091225104121,0
GIA10260,Luxentia,1990,Mehak Sharma,18407,10,0.7,3,5,4,3,68.9099824828214,58.1408736099466,7.60702419284852,8.32300603751485,4.51232401696617,Ideal,Very Good,Faint,Thick,Large,0.913975570672526,1.09412114731269,0.542150756184419,8.57455789588839,9.09398440618823,9.61562420191234,0
GIA10261,Diamite,1863,Nishita Singh,18405,9.24,1.3,1,6,1,1,60.5732799170397,60.7450586817158,9.55562511425075,7.47087315583426,3.40974387412081,Fair,Excellent,Faint,Thick,Small,1.27905064306819,0.781829871568799,0.456405001530246,1.04518763133209,5.68656402486506,4.69171583702355,0
GIA10262,Fauxspark,1966,Ojas Singh,18398,6.8,0.6,3,4,3,1,55.5579081902877,52.4516745763213,5.47812765880404,5.5862580751881,1.99900514800403,Very Good,Very Good,None,Thick,None,0.980643497860521,1.01973857184767,0.357843322148471,4.59484526634251,5.39425966766183,7.92102144195442,0
GIA10263,Sparklite,1865,Parth Gupta,18398,8.28,1.2,4,7,4,3,54.2317241049288,51.5741548826254,8.76758876454121,5.36660896790579,4.48721064221473,Premium,Excellent,None,Thin,Small,1.63372975690505,0.61209633709213,0.83613519618251,4.94504306851106,2.49202530064676,2.90559421891901,0
GIA10264,Gemstonea,1993,Pranav Sharma,18398,6.85,0.7,3,8,1,1,64.8469307630015,67.129318550171,3.90937886598096,8.26578663912933,1.2313868042182,Premium,Excellent,None,Thick,Large,0.472959082620689,2.11434780881878,0.148973940167891,7.74160189782193,0.0973336287307857,1.7933737970357,0
GIA10265,Imitalite,1994,Prisha Singh,18395,8.05,0.8,1,5,3,3,66.3479832119235,50.714521483745,6.3253171153177,7.45722832133024,2.10041169708619,Very Good,Ideal,Faint,Medium,Small,0.848212880545056,1.17894932149274,0.281661175785417,9.94381180356416,1.32129066768544,7.34125769122377,0
GIA10266,Fauxshine,2016,Rajat Patel,18394,8.98,0.6,3,7,0.5,2,63.0954785027314,63.7196540682481,4.42220168428544,4.27853709587739,2.01920396680759,Good,Very Good,Medium,Thin,Medium,1.03357796956966,0.967512881893521,0.47193793615888,5.65194488923862,6.18013507612111,7.09044822060943,0
GIA10267,Glitzluxe,1834,Rudra Singh,18392,9.91,0.4,4,5,3,1,63.8621295895391,57.4194251641945,4.28195237158451,7.34923746982978,3.99847833823995,Good,Ideal,Faint,Medium,None,0.582639000190544,1.71632863518055,0.544067102832719,0.974566467268729,1.92743276424695,0.910620296541443,0
GIA10268,Diamoria,1849,Sahana Gupta,18377,9.22,1.2,3,6,0.1,3,55.253851694156,51.8188375581206,5.02235569952627,3.59140733536694,3.23099159371595,Premium,Excellent,Faint,Thick,Large,1.39843666577941,0.715084225457329,0.899644983708269,7.45908126149438,8.47877557419589,3.54146338458578,0
GIA10269,Shimmerfire,1874,Samarth Singh,18376,6.83,0.8,4,4,4,3,53.3860387251925,65.7742105653038,8.72110976297806,5.40949252963046,3.61257087323194,Very Good,Ideal,None,Thick,Large,1.61218630309742,0.620275707639212,0.66782066033812,0.864102427623039,5.50081073697445,7.73376633504701,0
GIA10270,Luxara,1976,Sarthak Patel,18374,6.98,0.6,2,6,1,3,66.2144946837818,57.5013576546452,4.09198368648398,3.18427113784192,4.23082340914162,Very Good,Fair,Strong,Thin,Small,1.28506132466384,0.778172979613707,1.32866305223272,1.45632363229163,6.57583340280792,9.65135147084373,0
GIA10271,Gemtique,1829,Shivangi Sharma,18374,7.25,1.4,1,7,4,2,58.2799831826569,65.8752906854065,4.06395248358745,3.53645058290888,3.17281221172514,Fair,Excellent,Strong,Medium,None,1.14916139454284,0.870199786338812,0.897174196936003,7.27840900552325,5.04822510885274,3.80439650362433,0
GIA10272,Imitalara,1856,Shrishti Singh,18371,7.16,0.7,3,5,2,3,61.9145808602339,65.540434932224,4.23740361580032,8.84477946267046,4.97691694660014,Very Good,Excellent,Strong,Medium,Small,0.479085276652103,2.08731106701525,0.562695425884309,8.45115813972156,2.57695209204422,1.6131905411548,0
GIA10273,Fauxfrost,1896,Soham Gupta,18371,7.09,1.3,1,6,0.5,1,58.6614959098138,63.7871298377643,9.56323572747385,7.83926168078764,1.2909104290104,Fair,Fair,Strong,Thick,None,1.21991535898224,0.819729002210678,0.164672450235224,3.00492356288749,9.06536082441304,9.44206485130885,0
GIA10274,Sparklara,1842,Tanmay Singh,18371,8.19,0.6,3,4,0.1,1,53.4268875926734,61.4056188546072,4.06263707987213,9.65594154987121,2.46031571049846,Very Good,Good,Faint,Medium,Small,0.420739609792513,2.37676695211355,0.254798115522072,5.06038595723635,5.16660797590811,0.415354872840789,0
GIA10275,Diamara,2014,Udit Singh,18371,7.48,1.2,4,7,2,1,66.8358017805044,51.6772768976342,3.82922973168228,7.476496115649,4.56758406249745,Premium,Excellent,Strong,Thick,Large,0.512169025764267,1.9524804306699,0.61092575878386,9.37006057146164,0.50517179884275,3.25457375253311,0
GIA10276,Gemfinity,2013,Vaishnavi Patel,18369,9.84,0.7,3,8,3,1,58.5794310969046,65.6444338981925,9.50225330212703,8.63546231770546,3.97932632000273,Good,Excellent,Medium,Medium,Large,1.1003757474159,0.908780480075442,0.460812192051818,8.56332008206998,3.26185517657876,0.99487782647896,0
GIA10277,Shimmerlux,1898,Vihaan Sharma,18364,7.98,0.8,1,5,4,3,67.9288122199254,63.651785286348,3.07657669181238,5.04245703007355,3.52755173390647,Ideal,Very Good,Medium,Medium,Medium,0.610134439116383,1.63898304355386,0.699570013758753,7.66690693977077,1.71329354408165,0.204705078646215,0
GIA10278,Luxentia,1972,Aaradhya Gupta,18363,8.4,0.6,3,7,3,2,65.4680284175107,64.4740801054615,3.4342825702879,5.58872866412185,1.40412180942023,Very Good,Very Good,Medium,Thick,Medium,0.614501575704522,1.62733512742177,0.251241721294203,8.08893901076016,6.22991697701503,1.76762503289449,0
GIA10279,Diamite,1940,Aarohi Patel,18359,7.9,0.4,4,5,1,1,53.987418791518,59.1739659735469,6.88460396391919,7.61315445771722,3.83628430657949,Fair,Ideal,Faint,Thin,Medium,0.904303728783601,1.10582315229985,0.503902072115556,1.07218519387027,4.32977326284946,6.67122715597729,0
GIA10280,Fauxspark,1906,Aditya Singh,18358,7.75,1.2,3,6,4,3,60.8014301154977,59.2181398440582,9.29017168814492,4.54959703963866,3.69065366232126,Very Good,Very Good,None,Thin,Medium,2.0419768184311,0.489721524247431,0.811204515513395,9.25598472417377,8.22363860511239,3.64757603456417,0
GIA10281,Sparklite,1875,Anjali Gupta,18344,7.22,0.8,4,4,2,1,53.2417046153833,61.9301372225485,3.07795379200005,3.87398456400804,2.00240328958716,Good,Excellent,Strong,Thin,Medium,0.794518858076085,1.25862336662654,0.516884684619255,5.35723382065804,0.127649873415558,6.22092089131467,0
GIA10282,Gemstonea,1945,Arjun Shah,18343,9.24,0.6,2,6,0.1,1,67.4204575315945,67.7894255070553,3.86173338633501,3.7477456167334,4.72879767776938,Fair,Excellent,Medium,Thick,Medium,1.03041502312554,0.970482744871782,1.26177125167078,3.5886312347281,7.59202830194496,3.37421437774751,0
GIA10283,Imitalite,2007,Ashwini Singh,18342,7.19,1.4,1,7,2,2,68.7462989026185,53.9012909395476,8.99698638827187,5.17889979905941,4.52671089213352,Premium,Excellent,Faint,Thick,Small,1.7372389382598,0.575626056943959,0.874068058423461,6.43307244712009,5.01501950421944,4.3335869596891,0
GIA10284,Fauxshine,1983,Bhoomi Patel,18342,8.43,0.7,3,5,4,3,57.0236259573722,54.8551027108902,8.52325754599165,8.05642302566604,1.96705411438778,Fair,Fair,None,Thick,Small,1.05794563155861,0.945228157449595,0.244159735421187,1.54690934521857,5.83855631078132,2.63802108036882,0
GIA10285,Glitzluxe,1820,Devanshi Singh,18340,7.1,1.3,1,6,1,1,53.8851086170595,68.2361508823254,6.84568658786877,6.25176211048119,1.54892198973305,Ideal,Fair,Medium,Medium,Medium,1.09500113198355,0.9132410650467,0.24775766613644,8.62263902249837,8.6521053087754,4.01860646459336,0
GIA10286,Diamoria,1994,Divyansh Shah,18325,8.39,0.6,3,4,3,1,55.7421507821841,61.0931506268488,3.62732686307136,5.13332329763189,3.25631155960925,Premium,Fair,None,Thick,None,0.706623497636457,1.41518079054098,0.634347647870036,8.41530833903542,2.34095198356848,4.13392867864584,0
GIA10287,Shimmerfire,1800,Gaurav Patel,18325,6.67,1.2,4,7,4,3,68.5737125557569,61.1515947537937,7.86354356311477,8.33960276630589,1.81914303273398,Good,Good,Strong,Thin,Medium,0.94291584185346,1.06054003508343,0.21813305545964,1.9906395847543,9.07503802675657,8.96249960463703,0
GIA10288,Luxara,2017,Harshvardhan Gupta,18324,9.06,0.7,3,8,1,1,51.1521781413903,69.6567094578175,9.39034664781957,7.44143454825346,1.10131620145889,Premium,Good,Faint,Medium,Small,1.26190005259449,0.792455787559382,0.147997834868732,6.90080985868916,3.52921011771265,2.03238807439444,0
GIA10289,Gemtique,1806,Ishaani Singh,18320,8.94,0.8,1,5,3,3,67.3253301073441,53.1418031875622,7.22070063889463,6.73403746264324,1.70219263336754,Very Good,Ideal,None,Thin,Small,1.07226915189455,0.932601668371354,0.25277445259406,1.07539601880016,8.85567989220148,4.00522653472628,0
GIA10290,Imitalara,1960,Jiya Sharma,18318,9.21,0.6,3,7,0.5,2,53.4089869958083,63.4065568390107,5.04554613005364,9.07411856820589,4.54795149804517,Good,Very Good,Medium,Medium,Medium,0.556037051106247,1.79844130532395,0.501200360548559,7.01751694243981,5.90545393887343,5.47671961193228,0
GIA10291,Fauxfrost,1910,Kavya Gupta,18318,8.38,0.4,4,5,3,1,68.020254704451,61.0602702717072,8.57950133809811,8.18726381934753,3.31980364257398,Premium,Ideal,None,Thick,None,1.04790825450423,0.954282014385986,0.405483897407687,5.56695321392406,2.5007337045743,1.99866372314546,0
GIA10292,Sparklara,1800,Mahesh Singh,18312,9.31,1.2,3,6,0.1,3,57.0727089993462,56.2997698824536,4.37038662970546,3.86469411882161,3.09439561044191,Ideal,Good,None,Medium,Small,1.13084929759927,0.884291127140409,0.800683188708715,4.28280908823672,1.46799054612821,9.66047529564842,0
GIA10293,Diamara,1854,Navya Patel,18310,7.61,0.8,4,4,4,3,62.9113260499214,56.5137977589485,3.04300256347845,6.02596166404806,2.45960041170576,Good,Very Good,Faint,Medium,Large,0.504982064793663,1.98026834954742,0.408167284963023,7.04923240429677,5.15919236656326,4.41394207879979,0
GIA10294,Gemfinity,1865,Om Singh,18308,9.14,0.6,2,6,1,3,67.9476856434886,57.7662202107018,8.80523380922625,9.4600029427041,4.30713916639568,Good,Very Good,None,Thick,None,0.930785525391107,1.0743613568548,0.455299981668346,6.43058991907882,3.63320104719081,3.92108233523735,0
GIA10295,Shimmerlux,2020,Harshal Thakare,18306,9.84,1.4,1,7,4,2,57.0514158690645,55.353342564103,3.7987192499231,9.62987902274964,3.52578545293073,Good,Excellent,Medium,Medium,Medium,0.394472167401999,2.53503309646918,0.366129776355591,5.87400629475324,6.85733640427159,7.08793405085849,0
GIA10296,Luxentia,1975,Swaraj Dudhe,18304,8.88,0.7,3,5,2,3,52.3845084400069,69.8482479557066,3.02543542135227,8.54267226644,1.54969051086676,Good,Fair,None,Thick,None,0.35415562332149,2.82361745557329,0.181405825078265,5.1391634810915,2.64747882296089,2.87718705416142,0
GIA10297,Diamite,1997,Pankaj Mourya,18299,8.06,1.3,1,6,0.5,1,52.2679312732,53.5212148575442,4.80413091329428,4.09183932147053,3.85179761493214,Fair,Ideal,None,Thick,Small,1.17407613932595,0.851733517533286,0.941336477881999,8.89171491468984,8.47785242124194,6.37021639481086,0
GIA10298,Fauxspark,1848,Shivam Kajale,18296,8.18,0.6,3,4,0.1,1,58.4492903792841,68.2705014805208,5.1345554340439,8.39388869749687,4.08077755248602,Fair,Fair,Strong,Thick,None,0.611701634258633,1.63478392731772,0.486160550794883,6.63446888271138,6.05805679596825,0.297734376696269,0
GIA10299,Sparklite,1877,Sarthak Hule,18295,6.57,1.2,4,7,2,1,63.2633286494321,54.1921435996251,7.32297971605799,4.0371750372852,3.95123473761579,Very Good,Good,Medium,Medium,Medium,1.81388709888148,0.551302228576762,0.978712763534968,7.99030213822628,5.82463733195451,2.686597781981,0
GIA10300,Gemstonea,1833,Vivek Kumar,18295,9.68,0.7,3,8,3,1,60.8642017173471,64.6328607544052,7.96041475888458,3.00626122734801,2.78288161258612,Fair,Good,Faint,Thick,Small,2.64794512415239,0.377651330791871,0.92569520814432,7.70568455357401,2.07201567220877,1.20938530701833,0
